-- phpMyAdmin SQL Dump
-- version 4.0.10.7
-- http://www.phpmyadmin.net
--
-- Host: localhost
-- Generation Time: May 02, 2016 at 07:53 AM
-- Server version: 5.5.45-cll-lve
-- PHP Version: 5.4.31

SET SQL_MODE = "NO_AUTO_VALUE_ON_ZERO";
SET time_zone = "+00:00";


/*!40101 SET @OLD_CHARACTER_SET_CLIENT=@@CHARACTER_SET_CLIENT */;
/*!40101 SET @OLD_CHARACTER_SET_RESULTS=@@CHARACTER_SET_RESULTS */;
/*!40101 SET @OLD_COLLATION_CONNECTION=@@COLLATION_CONNECTION */;
/*!40101 SET NAMES utf8 */;

--
-- Database: `ht_mspdcl`
--

-- --------------------------------------------------------

--
-- Table structure for table `contact`
--

CREATE TABLE IF NOT EXISTS `contact` (
  `id` int(3) unsigned NOT NULL AUTO_INCREMENT,
  `name` varchar(25) NOT NULL,
  `contact` varchar(11) DEFAULT NULL,
  `remarks` varchar(255) DEFAULT NULL,
  PRIMARY KEY (`id`)
) ENGINE=InnoDB  DEFAULT CHARSET=utf8 AUTO_INCREMENT=64 ;

--
-- Dumping data for table `contact`
--

INSERT INTO `contact` (`id`, `name`, `contact`, `remarks`) VALUES
(1, 'MD', '8132950201', NULL),
(2, 'MD_T', '9436025391', NULL),
(3, 'ED', '9436033197', NULL),
(4, 'Gogo', '7085055490', NULL),
(5, 'GM EC-I', '8414916298', NULL),
(6, 'GM EC-II', '8132950203', NULL),
(7, 'GM EC-III', '7085051040', NULL),
(8, 'DGM IED-I', '9436038798', NULL),
(9, 'DGM IED-II', '9436445086', NULL),
(10, 'DGM IED-III', '9856089862', NULL),
(11, 'DGM IED-IV', '9862464974', NULL),
(12, 'DGM TAMENGLONG', '9774026907', NULL),
(13, 'DGM KANGPOKPI ', '9612183002', NULL),
(14, 'DGM UKHRUL', '9612489377', NULL),
(15, 'DGM KAKCHING', '8575024192', NULL),
(16, 'DGM CHANDEL', '9206165204', NULL),
(17, 'DGM THOUBAL', '9436021521', NULL),
(18, 'DGM SENAPATI', '7085132589', NULL),
(19, 'DGM BISHNUPUR', '8729826354', NULL),
(20, 'DGM CHURACHANDPUR', '9862573650', NULL),
(21, 'DGM JIRIBAM', '9774623739', NULL),
(22, 'Manager KSD', '7085610061', NULL),
(23, 'Manager CSD-I', '9436769235', NULL),
(24, 'Manager CSD-II', '9612934407', NULL),
(25, 'Manager LSD-I', '8731017650', NULL),
(26, 'Manager LSD-II', '9856138472', NULL),
(27, 'Manager LAMLONG', '8014485217', NULL),
(28, 'Manager TAKYEL', '9436033811', NULL),
(29, 'Manager WANGOI', '9774263835', NULL),
(30, 'Manager NONEY', '9774026907', NULL),
(31, 'Manager KONGBA', '9774178805', NULL),
(32, 'Manager WANGKHEI', '9402674292', NULL),
(33, 'Manager SINGJAMEI', '9711964152', NULL),
(34, 'Manager SAGOLMANG', '9436663920', NULL),
(35, 'Manager LAMLAI', '9862102147', NULL),
(36, 'Manager SAIKUL', '8119040892', NULL),
(37, 'Manager LITAN', '9436283324', NULL),
(38, 'Manager UKHRUL', '8729910139', NULL),
(39, 'Manager PHUNGYAR', '9612719364', NULL),
(40, 'Manager KAMJONG', '8416069320', NULL),
(41, 'Manager KAKCHING', '9612382183', NULL),
(42, 'Manager CHANDEL', '8730992987', NULL),
(43, 'Manager RE-II', '8974533005', NULL),
(44, 'Manager MOREH', '9856705282', NULL),
(45, 'Manager THOUBAL', '9436023060', NULL),
(46, 'Manager LILONG', '9862268261', NULL),
(47, 'Manager YAIRIPOK', '8575765845', NULL),
(48, 'Manager SUGNU', '9089190595', NULL),
(49, 'Manager SENAPATI', '7085132589', NULL),
(50, 'Manager MAO-TADUBI', '8732086735', NULL),
(51, 'Manager KANGPOKPI', '9612183002', NULL),
(52, 'Manager TAMEI', '8974148386', NULL),
(53, 'Manager TAMENGLONG', '9612507926', NULL),
(54, 'Manager LEIMAKHONG', '9774219878', NULL),
(55, 'Manager BISHNUPUR', '8132042733', NULL),
(56, 'Manager NAMBOL', '9436037446', NULL),
(57, 'Manager MOIRANG', '9856832439', NULL),
(58, 'Manager KUMBI', '9612537535', NULL),
(59, 'Manager CCPUR', '8014312249', NULL),
(60, 'Manager DISTRIBUTION', '8413033432', NULL),
(61, 'Manager RE', '9615130824', NULL),
(62, 'Manager BOROBAKRA', '9774623739', NULL),
(63, 'Manager JIRIBAM', '9774623739', NULL);

-- --------------------------------------------------------

--
-- Table structure for table `daily`
--

CREATE TABLE IF NOT EXISTS `daily` (
  `id` int(11) unsigned NOT NULL AUTO_INCREMENT,
  `feeder_id` int(4) unsigned NOT NULL,
  `month` tinyint(2) unsigned NOT NULL,
  `1` tinyint(2) unsigned DEFAULT NULL,
  `2` tinyint(2) DEFAULT NULL,
  `3` tinyint(2) DEFAULT NULL,
  `4` tinyint(2) DEFAULT NULL,
  `5` tinyint(2) DEFAULT NULL,
  `6` tinyint(2) DEFAULT NULL,
  `7` tinyint(2) DEFAULT NULL,
  `8` tinyint(2) DEFAULT NULL,
  `9` tinyint(2) DEFAULT NULL,
  `10` tinyint(2) DEFAULT NULL,
  `11` tinyint(2) DEFAULT NULL,
  `12` tinyint(2) DEFAULT NULL,
  `13` tinyint(2) DEFAULT NULL,
  `14` tinyint(2) DEFAULT NULL,
  `15` tinyint(2) DEFAULT NULL,
  `16` tinyint(2) DEFAULT NULL,
  `17` tinyint(2) DEFAULT NULL,
  `18` tinyint(2) DEFAULT NULL,
  `19` tinyint(2) DEFAULT NULL,
  `20` tinyint(2) DEFAULT NULL,
  `21` tinyint(2) DEFAULT NULL,
  `22` tinyint(2) DEFAULT NULL,
  `23` tinyint(2) DEFAULT NULL,
  `24` tinyint(2) DEFAULT NULL,
  `25` tinyint(2) DEFAULT NULL,
  `26` tinyint(2) DEFAULT NULL,
  `27` tinyint(2) DEFAULT NULL,
  `28` tinyint(2) DEFAULT NULL,
  `29` tinyint(2) DEFAULT NULL,
  `30` tinyint(2) DEFAULT NULL,
  `31` tinyint(2) DEFAULT NULL,
  PRIMARY KEY (`id`),
  KEY `feeders_id_fk` (`feeder_id`)
) ENGINE=InnoDB  DEFAULT CHARSET=utf8 AUTO_INCREMENT=144 ;

--
-- Dumping data for table `daily`
--

INSERT INTO `daily` (`id`, `feeder_id`, `month`, `1`, `2`, `3`, `4`, `5`, `6`, `7`, `8`, `9`, `10`, `11`, `12`, `13`, `14`, `15`, `16`, `17`, `18`, `19`, `20`, `21`, `22`, `23`, `24`, `25`, `26`, `27`, `28`, `29`, `30`, `31`) VALUES
(1, 1, 5, NULL, NULL, NULL, NULL, NULL, NULL, NULL, NULL, NULL, NULL, NULL, NULL, NULL, NULL, NULL, NULL, NULL, NULL, NULL, NULL, NULL, NULL, NULL, NULL, NULL, NULL, NULL, NULL, NULL, NULL, NULL),
(2, 2, 5, NULL, NULL, NULL, NULL, NULL, NULL, NULL, NULL, NULL, NULL, NULL, NULL, NULL, NULL, NULL, NULL, NULL, NULL, NULL, NULL, NULL, NULL, NULL, NULL, NULL, NULL, NULL, NULL, NULL, NULL, NULL),
(3, 3, 5, NULL, NULL, NULL, NULL, NULL, NULL, NULL, NULL, NULL, NULL, NULL, NULL, NULL, NULL, NULL, NULL, NULL, NULL, NULL, NULL, NULL, NULL, NULL, NULL, NULL, NULL, NULL, NULL, NULL, NULL, NULL),
(4, 4, 5, NULL, NULL, NULL, NULL, NULL, NULL, NULL, NULL, NULL, NULL, NULL, NULL, NULL, NULL, NULL, NULL, NULL, NULL, NULL, NULL, NULL, NULL, NULL, NULL, NULL, NULL, NULL, NULL, NULL, NULL, NULL),
(5, 5, 5, NULL, NULL, NULL, NULL, NULL, NULL, NULL, NULL, NULL, NULL, NULL, NULL, NULL, NULL, NULL, NULL, NULL, NULL, NULL, NULL, NULL, NULL, NULL, NULL, NULL, NULL, NULL, NULL, NULL, NULL, NULL),
(6, 6, 5, NULL, NULL, NULL, NULL, NULL, NULL, NULL, NULL, NULL, NULL, NULL, NULL, NULL, NULL, NULL, NULL, NULL, NULL, NULL, NULL, NULL, NULL, NULL, NULL, NULL, NULL, NULL, NULL, NULL, NULL, NULL),
(7, 7, 5, NULL, NULL, NULL, NULL, NULL, NULL, NULL, NULL, NULL, NULL, NULL, NULL, NULL, NULL, NULL, NULL, NULL, NULL, NULL, NULL, NULL, NULL, NULL, NULL, NULL, NULL, NULL, NULL, NULL, NULL, NULL),
(8, 9, 5, NULL, NULL, NULL, NULL, NULL, NULL, NULL, NULL, NULL, NULL, NULL, NULL, NULL, NULL, NULL, NULL, NULL, NULL, NULL, NULL, NULL, NULL, NULL, NULL, NULL, NULL, NULL, NULL, NULL, NULL, NULL),
(9, 10, 5, NULL, NULL, NULL, NULL, NULL, NULL, NULL, NULL, NULL, NULL, NULL, NULL, NULL, NULL, NULL, NULL, NULL, NULL, NULL, NULL, NULL, NULL, NULL, NULL, NULL, NULL, NULL, NULL, NULL, NULL, NULL),
(10, 11, 5, NULL, NULL, NULL, NULL, NULL, NULL, NULL, NULL, NULL, NULL, NULL, NULL, NULL, NULL, NULL, NULL, NULL, NULL, NULL, NULL, NULL, NULL, NULL, NULL, NULL, NULL, NULL, NULL, NULL, NULL, NULL),
(11, 12, 5, NULL, NULL, NULL, NULL, NULL, NULL, NULL, NULL, NULL, NULL, NULL, NULL, NULL, NULL, NULL, NULL, NULL, NULL, NULL, NULL, NULL, NULL, NULL, NULL, NULL, NULL, NULL, NULL, NULL, NULL, NULL),
(12, 13, 5, NULL, NULL, NULL, NULL, NULL, NULL, NULL, NULL, NULL, NULL, NULL, NULL, NULL, NULL, NULL, NULL, NULL, NULL, NULL, NULL, NULL, NULL, NULL, NULL, NULL, NULL, NULL, NULL, NULL, NULL, NULL),
(13, 14, 5, NULL, NULL, NULL, NULL, NULL, NULL, NULL, NULL, NULL, NULL, NULL, NULL, NULL, NULL, NULL, NULL, NULL, NULL, NULL, NULL, NULL, NULL, NULL, NULL, NULL, NULL, NULL, NULL, NULL, NULL, NULL),
(14, 15, 5, NULL, NULL, NULL, NULL, NULL, NULL, NULL, NULL, NULL, NULL, NULL, NULL, NULL, NULL, NULL, NULL, NULL, NULL, NULL, NULL, NULL, NULL, NULL, NULL, NULL, NULL, NULL, NULL, NULL, NULL, NULL),
(15, 16, 5, NULL, NULL, NULL, NULL, NULL, NULL, NULL, NULL, NULL, NULL, NULL, NULL, NULL, NULL, NULL, NULL, NULL, NULL, NULL, NULL, NULL, NULL, NULL, NULL, NULL, NULL, NULL, NULL, NULL, NULL, NULL),
(16, 17, 5, NULL, NULL, NULL, NULL, NULL, NULL, NULL, NULL, NULL, NULL, NULL, NULL, NULL, NULL, NULL, NULL, NULL, NULL, NULL, NULL, NULL, NULL, NULL, NULL, NULL, NULL, NULL, NULL, NULL, NULL, NULL),
(17, 18, 5, NULL, NULL, NULL, NULL, NULL, NULL, NULL, NULL, NULL, NULL, NULL, NULL, NULL, NULL, NULL, NULL, NULL, NULL, NULL, NULL, NULL, NULL, NULL, NULL, NULL, NULL, NULL, NULL, NULL, NULL, NULL),
(18, 19, 5, NULL, NULL, NULL, NULL, NULL, NULL, NULL, NULL, NULL, NULL, NULL, NULL, NULL, NULL, NULL, NULL, NULL, NULL, NULL, NULL, NULL, NULL, NULL, NULL, NULL, NULL, NULL, NULL, NULL, NULL, NULL),
(19, 20, 5, NULL, NULL, NULL, NULL, NULL, NULL, NULL, NULL, NULL, NULL, NULL, NULL, NULL, NULL, NULL, NULL, NULL, NULL, NULL, NULL, NULL, NULL, NULL, NULL, NULL, NULL, NULL, NULL, NULL, NULL, NULL),
(20, 21, 5, NULL, NULL, NULL, NULL, NULL, NULL, NULL, NULL, NULL, NULL, NULL, NULL, NULL, NULL, NULL, NULL, NULL, NULL, NULL, NULL, NULL, NULL, NULL, NULL, NULL, NULL, NULL, NULL, NULL, NULL, NULL),
(21, 22, 5, NULL, NULL, NULL, NULL, NULL, NULL, NULL, NULL, NULL, NULL, NULL, NULL, NULL, NULL, NULL, NULL, NULL, NULL, NULL, NULL, NULL, NULL, NULL, NULL, NULL, NULL, NULL, NULL, NULL, NULL, NULL),
(22, 23, 5, NULL, NULL, NULL, NULL, NULL, NULL, NULL, NULL, NULL, NULL, NULL, NULL, NULL, NULL, NULL, NULL, NULL, NULL, NULL, NULL, NULL, NULL, NULL, NULL, NULL, NULL, NULL, NULL, NULL, NULL, NULL),
(23, 24, 5, NULL, NULL, NULL, NULL, NULL, NULL, NULL, NULL, NULL, NULL, NULL, NULL, NULL, NULL, NULL, NULL, NULL, NULL, NULL, NULL, NULL, NULL, NULL, NULL, NULL, NULL, NULL, NULL, NULL, NULL, NULL),
(24, 25, 5, NULL, NULL, NULL, NULL, NULL, NULL, NULL, NULL, NULL, NULL, NULL, NULL, NULL, NULL, NULL, NULL, NULL, NULL, NULL, NULL, NULL, NULL, NULL, NULL, NULL, NULL, NULL, NULL, NULL, NULL, NULL),
(25, 26, 5, NULL, NULL, NULL, NULL, NULL, NULL, NULL, NULL, NULL, NULL, NULL, NULL, NULL, NULL, NULL, NULL, NULL, NULL, NULL, NULL, NULL, NULL, NULL, NULL, NULL, NULL, NULL, NULL, NULL, NULL, NULL),
(26, 27, 5, NULL, NULL, NULL, NULL, NULL, NULL, NULL, NULL, NULL, NULL, NULL, NULL, NULL, NULL, NULL, NULL, NULL, NULL, NULL, NULL, NULL, NULL, NULL, NULL, NULL, NULL, NULL, NULL, NULL, NULL, NULL),
(27, 28, 5, NULL, NULL, NULL, NULL, NULL, NULL, NULL, NULL, NULL, NULL, NULL, NULL, NULL, NULL, NULL, NULL, NULL, NULL, NULL, NULL, NULL, NULL, NULL, NULL, NULL, NULL, NULL, NULL, NULL, NULL, NULL),
(28, 29, 5, NULL, NULL, NULL, NULL, NULL, NULL, NULL, NULL, NULL, NULL, NULL, NULL, NULL, NULL, NULL, NULL, NULL, NULL, NULL, NULL, NULL, NULL, NULL, NULL, NULL, NULL, NULL, NULL, NULL, NULL, NULL),
(29, 30, 5, NULL, NULL, NULL, NULL, NULL, NULL, NULL, NULL, NULL, NULL, NULL, NULL, NULL, NULL, NULL, NULL, NULL, NULL, NULL, NULL, NULL, NULL, NULL, NULL, NULL, NULL, NULL, NULL, NULL, NULL, NULL),
(30, 31, 5, NULL, NULL, NULL, NULL, NULL, NULL, NULL, NULL, NULL, NULL, NULL, NULL, NULL, NULL, NULL, NULL, NULL, NULL, NULL, NULL, NULL, NULL, NULL, NULL, NULL, NULL, NULL, NULL, NULL, NULL, NULL),
(31, 32, 5, NULL, NULL, NULL, NULL, NULL, NULL, NULL, NULL, NULL, NULL, NULL, NULL, NULL, NULL, NULL, NULL, NULL, NULL, NULL, NULL, NULL, NULL, NULL, NULL, NULL, NULL, NULL, NULL, NULL, NULL, NULL),
(32, 33, 5, NULL, NULL, NULL, NULL, NULL, NULL, NULL, NULL, NULL, NULL, NULL, NULL, NULL, NULL, NULL, NULL, NULL, NULL, NULL, NULL, NULL, NULL, NULL, NULL, NULL, NULL, NULL, NULL, NULL, NULL, NULL),
(33, 34, 5, NULL, NULL, NULL, NULL, NULL, NULL, NULL, NULL, NULL, NULL, NULL, NULL, NULL, NULL, NULL, NULL, NULL, NULL, NULL, NULL, NULL, NULL, NULL, NULL, NULL, NULL, NULL, NULL, NULL, NULL, NULL),
(34, 35, 5, NULL, NULL, NULL, NULL, NULL, NULL, NULL, NULL, NULL, NULL, NULL, NULL, NULL, NULL, NULL, NULL, NULL, NULL, NULL, NULL, NULL, NULL, NULL, NULL, NULL, NULL, NULL, NULL, NULL, NULL, NULL),
(35, 36, 5, NULL, NULL, NULL, NULL, NULL, NULL, NULL, NULL, NULL, NULL, NULL, NULL, NULL, NULL, NULL, NULL, NULL, NULL, NULL, NULL, NULL, NULL, NULL, NULL, NULL, NULL, NULL, NULL, NULL, NULL, NULL),
(36, 37, 5, NULL, NULL, NULL, NULL, NULL, NULL, NULL, NULL, NULL, NULL, NULL, NULL, NULL, NULL, NULL, NULL, NULL, NULL, NULL, NULL, NULL, NULL, NULL, NULL, NULL, NULL, NULL, NULL, NULL, NULL, NULL),
(37, 38, 5, NULL, NULL, NULL, NULL, NULL, NULL, NULL, NULL, NULL, NULL, NULL, NULL, NULL, NULL, NULL, NULL, NULL, NULL, NULL, NULL, NULL, NULL, NULL, NULL, NULL, NULL, NULL, NULL, NULL, NULL, NULL),
(38, 39, 5, NULL, NULL, NULL, NULL, NULL, NULL, NULL, NULL, NULL, NULL, NULL, NULL, NULL, NULL, NULL, NULL, NULL, NULL, NULL, NULL, NULL, NULL, NULL, NULL, NULL, NULL, NULL, NULL, NULL, NULL, NULL),
(39, 40, 5, NULL, NULL, NULL, NULL, NULL, NULL, NULL, NULL, NULL, NULL, NULL, NULL, NULL, NULL, NULL, NULL, NULL, NULL, NULL, NULL, NULL, NULL, NULL, NULL, NULL, NULL, NULL, NULL, NULL, NULL, NULL),
(40, 41, 5, NULL, NULL, NULL, NULL, NULL, NULL, NULL, NULL, NULL, NULL, NULL, NULL, NULL, NULL, NULL, NULL, NULL, NULL, NULL, NULL, NULL, NULL, NULL, NULL, NULL, NULL, NULL, NULL, NULL, NULL, NULL),
(41, 42, 5, NULL, NULL, NULL, NULL, NULL, NULL, NULL, NULL, NULL, NULL, NULL, NULL, NULL, NULL, NULL, NULL, NULL, NULL, NULL, NULL, NULL, NULL, NULL, NULL, NULL, NULL, NULL, NULL, NULL, NULL, NULL),
(42, 43, 5, NULL, NULL, NULL, NULL, NULL, NULL, NULL, NULL, NULL, NULL, NULL, NULL, NULL, NULL, NULL, NULL, NULL, NULL, NULL, NULL, NULL, NULL, NULL, NULL, NULL, NULL, NULL, NULL, NULL, NULL, NULL),
(43, 44, 5, NULL, NULL, NULL, NULL, NULL, NULL, NULL, NULL, NULL, NULL, NULL, NULL, NULL, NULL, NULL, NULL, NULL, NULL, NULL, NULL, NULL, NULL, NULL, NULL, NULL, NULL, NULL, NULL, NULL, NULL, NULL),
(44, 45, 5, NULL, NULL, NULL, NULL, NULL, NULL, NULL, NULL, NULL, NULL, NULL, NULL, NULL, NULL, NULL, NULL, NULL, NULL, NULL, NULL, NULL, NULL, NULL, NULL, NULL, NULL, NULL, NULL, NULL, NULL, NULL),
(45, 46, 5, NULL, NULL, NULL, NULL, NULL, NULL, NULL, NULL, NULL, NULL, NULL, NULL, NULL, NULL, NULL, NULL, NULL, NULL, NULL, NULL, NULL, NULL, NULL, NULL, NULL, NULL, NULL, NULL, NULL, NULL, NULL),
(46, 47, 5, NULL, NULL, NULL, NULL, NULL, NULL, NULL, NULL, NULL, NULL, NULL, NULL, NULL, NULL, NULL, NULL, NULL, NULL, NULL, NULL, NULL, NULL, NULL, NULL, NULL, NULL, NULL, NULL, NULL, NULL, NULL),
(47, 48, 5, NULL, NULL, NULL, NULL, NULL, NULL, NULL, NULL, NULL, NULL, NULL, NULL, NULL, NULL, NULL, NULL, NULL, NULL, NULL, NULL, NULL, NULL, NULL, NULL, NULL, NULL, NULL, NULL, NULL, NULL, NULL),
(48, 49, 5, NULL, NULL, NULL, NULL, NULL, NULL, NULL, NULL, NULL, NULL, NULL, NULL, NULL, NULL, NULL, NULL, NULL, NULL, NULL, NULL, NULL, NULL, NULL, NULL, NULL, NULL, NULL, NULL, NULL, NULL, NULL),
(49, 50, 5, NULL, NULL, NULL, NULL, NULL, NULL, NULL, NULL, NULL, NULL, NULL, NULL, NULL, NULL, NULL, NULL, NULL, NULL, NULL, NULL, NULL, NULL, NULL, NULL, NULL, NULL, NULL, NULL, NULL, NULL, NULL),
(50, 51, 5, NULL, NULL, NULL, NULL, NULL, NULL, NULL, NULL, NULL, NULL, NULL, NULL, NULL, NULL, NULL, NULL, NULL, NULL, NULL, NULL, NULL, NULL, NULL, NULL, NULL, NULL, NULL, NULL, NULL, NULL, NULL),
(51, 52, 5, NULL, NULL, NULL, NULL, NULL, NULL, NULL, NULL, NULL, NULL, NULL, NULL, NULL, NULL, NULL, NULL, NULL, NULL, NULL, NULL, NULL, NULL, NULL, NULL, NULL, NULL, NULL, NULL, NULL, NULL, NULL),
(52, 53, 5, NULL, NULL, NULL, NULL, NULL, NULL, NULL, NULL, NULL, NULL, NULL, NULL, NULL, NULL, NULL, NULL, NULL, NULL, NULL, NULL, NULL, NULL, NULL, NULL, NULL, NULL, NULL, NULL, NULL, NULL, NULL),
(53, 54, 5, NULL, NULL, NULL, NULL, NULL, NULL, NULL, NULL, NULL, NULL, NULL, NULL, NULL, NULL, NULL, NULL, NULL, NULL, NULL, NULL, NULL, NULL, NULL, NULL, NULL, NULL, NULL, NULL, NULL, NULL, NULL),
(54, 55, 5, NULL, NULL, NULL, NULL, NULL, NULL, NULL, NULL, NULL, NULL, NULL, NULL, NULL, NULL, NULL, NULL, NULL, NULL, NULL, NULL, NULL, NULL, NULL, NULL, NULL, NULL, NULL, NULL, NULL, NULL, NULL),
(55, 56, 5, NULL, NULL, NULL, NULL, NULL, NULL, NULL, NULL, NULL, NULL, NULL, NULL, NULL, NULL, NULL, NULL, NULL, NULL, NULL, NULL, NULL, NULL, NULL, NULL, NULL, NULL, NULL, NULL, NULL, NULL, NULL),
(56, 57, 5, NULL, NULL, NULL, NULL, NULL, NULL, NULL, NULL, NULL, NULL, NULL, NULL, NULL, NULL, NULL, NULL, NULL, NULL, NULL, NULL, NULL, NULL, NULL, NULL, NULL, NULL, NULL, NULL, NULL, NULL, NULL),
(57, 58, 5, NULL, NULL, NULL, NULL, NULL, NULL, NULL, NULL, NULL, NULL, NULL, NULL, NULL, NULL, NULL, NULL, NULL, NULL, NULL, NULL, NULL, NULL, NULL, NULL, NULL, NULL, NULL, NULL, NULL, NULL, NULL),
(58, 59, 5, NULL, NULL, NULL, NULL, NULL, NULL, NULL, NULL, NULL, NULL, NULL, NULL, NULL, NULL, NULL, NULL, NULL, NULL, NULL, NULL, NULL, NULL, NULL, NULL, NULL, NULL, NULL, NULL, NULL, NULL, NULL),
(59, 60, 5, NULL, NULL, NULL, NULL, NULL, NULL, NULL, NULL, NULL, NULL, NULL, NULL, NULL, NULL, NULL, NULL, NULL, NULL, NULL, NULL, NULL, NULL, NULL, NULL, NULL, NULL, NULL, NULL, NULL, NULL, NULL),
(60, 61, 5, NULL, NULL, NULL, NULL, NULL, NULL, NULL, NULL, NULL, NULL, NULL, NULL, NULL, NULL, NULL, NULL, NULL, NULL, NULL, NULL, NULL, NULL, NULL, NULL, NULL, NULL, NULL, NULL, NULL, NULL, NULL),
(61, 62, 5, NULL, NULL, NULL, NULL, NULL, NULL, NULL, NULL, NULL, NULL, NULL, NULL, NULL, NULL, NULL, NULL, NULL, NULL, NULL, NULL, NULL, NULL, NULL, NULL, NULL, NULL, NULL, NULL, NULL, NULL, NULL),
(62, 63, 5, NULL, NULL, NULL, NULL, NULL, NULL, NULL, NULL, NULL, NULL, NULL, NULL, NULL, NULL, NULL, NULL, NULL, NULL, NULL, NULL, NULL, NULL, NULL, NULL, NULL, NULL, NULL, NULL, NULL, NULL, NULL),
(63, 64, 5, NULL, NULL, NULL, NULL, NULL, NULL, NULL, NULL, NULL, NULL, NULL, NULL, NULL, NULL, NULL, NULL, NULL, NULL, NULL, NULL, NULL, NULL, NULL, NULL, NULL, NULL, NULL, NULL, NULL, NULL, NULL),
(64, 129, 5, NULL, NULL, NULL, NULL, NULL, NULL, NULL, NULL, NULL, NULL, NULL, NULL, NULL, NULL, NULL, NULL, NULL, NULL, NULL, NULL, NULL, NULL, NULL, NULL, NULL, NULL, NULL, NULL, NULL, NULL, NULL),
(65, 145, 5, NULL, NULL, NULL, NULL, NULL, NULL, NULL, NULL, NULL, NULL, NULL, NULL, NULL, NULL, NULL, NULL, NULL, NULL, NULL, NULL, NULL, NULL, NULL, NULL, NULL, NULL, NULL, NULL, NULL, NULL, NULL),
(66, 65, 5, NULL, NULL, NULL, NULL, NULL, NULL, NULL, NULL, NULL, NULL, NULL, NULL, NULL, NULL, NULL, NULL, NULL, NULL, NULL, NULL, NULL, NULL, NULL, NULL, NULL, NULL, NULL, NULL, NULL, NULL, NULL),
(67, 66, 5, NULL, NULL, NULL, NULL, NULL, NULL, NULL, NULL, NULL, NULL, NULL, NULL, NULL, NULL, NULL, NULL, NULL, NULL, NULL, NULL, NULL, NULL, NULL, NULL, NULL, NULL, NULL, NULL, NULL, NULL, NULL),
(68, 67, 5, NULL, NULL, NULL, NULL, NULL, NULL, NULL, NULL, NULL, NULL, NULL, NULL, NULL, NULL, NULL, NULL, NULL, NULL, NULL, NULL, NULL, NULL, NULL, NULL, NULL, NULL, NULL, NULL, NULL, NULL, NULL),
(69, 68, 5, NULL, NULL, NULL, NULL, NULL, NULL, NULL, NULL, NULL, NULL, NULL, NULL, NULL, NULL, NULL, NULL, NULL, NULL, NULL, NULL, NULL, NULL, NULL, NULL, NULL, NULL, NULL, NULL, NULL, NULL, NULL),
(70, 69, 5, NULL, NULL, NULL, NULL, NULL, NULL, NULL, NULL, NULL, NULL, NULL, NULL, NULL, NULL, NULL, NULL, NULL, NULL, NULL, NULL, NULL, NULL, NULL, NULL, NULL, NULL, NULL, NULL, NULL, NULL, NULL),
(71, 70, 5, NULL, NULL, NULL, NULL, NULL, NULL, NULL, NULL, NULL, NULL, NULL, NULL, NULL, NULL, NULL, NULL, NULL, NULL, NULL, NULL, NULL, NULL, NULL, NULL, NULL, NULL, NULL, NULL, NULL, NULL, NULL),
(72, 71, 5, NULL, NULL, NULL, NULL, NULL, NULL, NULL, NULL, NULL, NULL, NULL, NULL, NULL, NULL, NULL, NULL, NULL, NULL, NULL, NULL, NULL, NULL, NULL, NULL, NULL, NULL, NULL, NULL, NULL, NULL, NULL),
(73, 72, 5, NULL, NULL, NULL, NULL, NULL, NULL, NULL, NULL, NULL, NULL, NULL, NULL, NULL, NULL, NULL, NULL, NULL, NULL, NULL, NULL, NULL, NULL, NULL, NULL, NULL, NULL, NULL, NULL, NULL, NULL, NULL),
(74, 73, 5, NULL, NULL, NULL, NULL, NULL, NULL, NULL, NULL, NULL, NULL, NULL, NULL, NULL, NULL, NULL, NULL, NULL, NULL, NULL, NULL, NULL, NULL, NULL, NULL, NULL, NULL, NULL, NULL, NULL, NULL, NULL),
(75, 75, 5, NULL, NULL, NULL, NULL, NULL, NULL, NULL, NULL, NULL, NULL, NULL, NULL, NULL, NULL, NULL, NULL, NULL, NULL, NULL, NULL, NULL, NULL, NULL, NULL, NULL, NULL, NULL, NULL, NULL, NULL, NULL),
(76, 76, 5, NULL, NULL, NULL, NULL, NULL, NULL, NULL, NULL, NULL, NULL, NULL, NULL, NULL, NULL, NULL, NULL, NULL, NULL, NULL, NULL, NULL, NULL, NULL, NULL, NULL, NULL, NULL, NULL, NULL, NULL, NULL),
(77, 77, 5, NULL, NULL, NULL, NULL, NULL, NULL, NULL, NULL, NULL, NULL, NULL, NULL, NULL, NULL, NULL, NULL, NULL, NULL, NULL, NULL, NULL, NULL, NULL, NULL, NULL, NULL, NULL, NULL, NULL, NULL, NULL),
(78, 78, 5, NULL, NULL, NULL, NULL, NULL, NULL, NULL, NULL, NULL, NULL, NULL, NULL, NULL, NULL, NULL, NULL, NULL, NULL, NULL, NULL, NULL, NULL, NULL, NULL, NULL, NULL, NULL, NULL, NULL, NULL, NULL),
(79, 79, 5, NULL, NULL, NULL, NULL, NULL, NULL, NULL, NULL, NULL, NULL, NULL, NULL, NULL, NULL, NULL, NULL, NULL, NULL, NULL, NULL, NULL, NULL, NULL, NULL, NULL, NULL, NULL, NULL, NULL, NULL, NULL),
(80, 80, 5, NULL, NULL, NULL, NULL, NULL, NULL, NULL, NULL, NULL, NULL, NULL, NULL, NULL, NULL, NULL, NULL, NULL, NULL, NULL, NULL, NULL, NULL, NULL, NULL, NULL, NULL, NULL, NULL, NULL, NULL, NULL),
(81, 81, 5, NULL, NULL, NULL, NULL, NULL, NULL, NULL, NULL, NULL, NULL, NULL, NULL, NULL, NULL, NULL, NULL, NULL, NULL, NULL, NULL, NULL, NULL, NULL, NULL, NULL, NULL, NULL, NULL, NULL, NULL, NULL),
(82, 82, 5, NULL, NULL, NULL, NULL, NULL, NULL, NULL, NULL, NULL, NULL, NULL, NULL, NULL, NULL, NULL, NULL, NULL, NULL, NULL, NULL, NULL, NULL, NULL, NULL, NULL, NULL, NULL, NULL, NULL, NULL, NULL),
(83, 83, 5, NULL, NULL, NULL, NULL, NULL, NULL, NULL, NULL, NULL, NULL, NULL, NULL, NULL, NULL, NULL, NULL, NULL, NULL, NULL, NULL, NULL, NULL, NULL, NULL, NULL, NULL, NULL, NULL, NULL, NULL, NULL),
(84, 84, 5, NULL, NULL, NULL, NULL, NULL, NULL, NULL, NULL, NULL, NULL, NULL, NULL, NULL, NULL, NULL, NULL, NULL, NULL, NULL, NULL, NULL, NULL, NULL, NULL, NULL, NULL, NULL, NULL, NULL, NULL, NULL),
(85, 85, 5, NULL, NULL, NULL, NULL, NULL, NULL, NULL, NULL, NULL, NULL, NULL, NULL, NULL, NULL, NULL, NULL, NULL, NULL, NULL, NULL, NULL, NULL, NULL, NULL, NULL, NULL, NULL, NULL, NULL, NULL, NULL),
(86, 86, 5, NULL, NULL, NULL, NULL, NULL, NULL, NULL, NULL, NULL, NULL, NULL, NULL, NULL, NULL, NULL, NULL, NULL, NULL, NULL, NULL, NULL, NULL, NULL, NULL, NULL, NULL, NULL, NULL, NULL, NULL, NULL),
(87, 87, 5, NULL, NULL, NULL, NULL, NULL, NULL, NULL, NULL, NULL, NULL, NULL, NULL, NULL, NULL, NULL, NULL, NULL, NULL, NULL, NULL, NULL, NULL, NULL, NULL, NULL, NULL, NULL, NULL, NULL, NULL, NULL),
(88, 88, 5, NULL, NULL, NULL, NULL, NULL, NULL, NULL, NULL, NULL, NULL, NULL, NULL, NULL, NULL, NULL, NULL, NULL, NULL, NULL, NULL, NULL, NULL, NULL, NULL, NULL, NULL, NULL, NULL, NULL, NULL, NULL),
(89, 89, 5, NULL, NULL, NULL, NULL, NULL, NULL, NULL, NULL, NULL, NULL, NULL, NULL, NULL, NULL, NULL, NULL, NULL, NULL, NULL, NULL, NULL, NULL, NULL, NULL, NULL, NULL, NULL, NULL, NULL, NULL, NULL),
(90, 90, 5, NULL, NULL, NULL, NULL, NULL, NULL, NULL, NULL, NULL, NULL, NULL, NULL, NULL, NULL, NULL, NULL, NULL, NULL, NULL, NULL, NULL, NULL, NULL, NULL, NULL, NULL, NULL, NULL, NULL, NULL, NULL),
(91, 146, 5, NULL, NULL, NULL, NULL, NULL, NULL, NULL, NULL, NULL, NULL, NULL, NULL, NULL, NULL, NULL, NULL, NULL, NULL, NULL, NULL, NULL, NULL, NULL, NULL, NULL, NULL, NULL, NULL, NULL, NULL, NULL),
(92, 91, 5, NULL, NULL, NULL, NULL, NULL, NULL, NULL, NULL, NULL, NULL, NULL, NULL, NULL, NULL, NULL, NULL, NULL, NULL, NULL, NULL, NULL, NULL, NULL, NULL, NULL, NULL, NULL, NULL, NULL, NULL, NULL),
(93, 92, 5, NULL, NULL, NULL, NULL, NULL, NULL, NULL, NULL, NULL, NULL, NULL, NULL, NULL, NULL, NULL, NULL, NULL, NULL, NULL, NULL, NULL, NULL, NULL, NULL, NULL, NULL, NULL, NULL, NULL, NULL, NULL),
(94, 93, 5, NULL, NULL, NULL, NULL, NULL, NULL, NULL, NULL, NULL, NULL, NULL, NULL, NULL, NULL, NULL, NULL, NULL, NULL, NULL, NULL, NULL, NULL, NULL, NULL, NULL, NULL, NULL, NULL, NULL, NULL, NULL),
(95, 94, 5, NULL, NULL, NULL, NULL, NULL, NULL, NULL, NULL, NULL, NULL, NULL, NULL, NULL, NULL, NULL, NULL, NULL, NULL, NULL, NULL, NULL, NULL, NULL, NULL, NULL, NULL, NULL, NULL, NULL, NULL, NULL),
(96, 95, 5, NULL, NULL, NULL, NULL, NULL, NULL, NULL, NULL, NULL, NULL, NULL, NULL, NULL, NULL, NULL, NULL, NULL, NULL, NULL, NULL, NULL, NULL, NULL, NULL, NULL, NULL, NULL, NULL, NULL, NULL, NULL),
(97, 96, 5, NULL, NULL, NULL, NULL, NULL, NULL, NULL, NULL, NULL, NULL, NULL, NULL, NULL, NULL, NULL, NULL, NULL, NULL, NULL, NULL, NULL, NULL, NULL, NULL, NULL, NULL, NULL, NULL, NULL, NULL, NULL),
(98, 97, 5, NULL, NULL, NULL, NULL, NULL, NULL, NULL, NULL, NULL, NULL, NULL, NULL, NULL, NULL, NULL, NULL, NULL, NULL, NULL, NULL, NULL, NULL, NULL, NULL, NULL, NULL, NULL, NULL, NULL, NULL, NULL),
(99, 98, 5, NULL, NULL, NULL, NULL, NULL, NULL, NULL, NULL, NULL, NULL, NULL, NULL, NULL, NULL, NULL, NULL, NULL, NULL, NULL, NULL, NULL, NULL, NULL, NULL, NULL, NULL, NULL, NULL, NULL, NULL, NULL),
(100, 99, 5, NULL, NULL, NULL, NULL, NULL, NULL, NULL, NULL, NULL, NULL, NULL, NULL, NULL, NULL, NULL, NULL, NULL, NULL, NULL, NULL, NULL, NULL, NULL, NULL, NULL, NULL, NULL, NULL, NULL, NULL, NULL),
(101, 100, 5, NULL, NULL, NULL, NULL, NULL, NULL, NULL, NULL, NULL, NULL, NULL, NULL, NULL, NULL, NULL, NULL, NULL, NULL, NULL, NULL, NULL, NULL, NULL, NULL, NULL, NULL, NULL, NULL, NULL, NULL, NULL),
(102, 102, 5, NULL, NULL, NULL, NULL, NULL, NULL, NULL, NULL, NULL, NULL, NULL, NULL, NULL, NULL, NULL, NULL, NULL, NULL, NULL, NULL, NULL, NULL, NULL, NULL, NULL, NULL, NULL, NULL, NULL, NULL, NULL),
(103, 103, 5, NULL, NULL, NULL, NULL, NULL, NULL, NULL, NULL, NULL, NULL, NULL, NULL, NULL, NULL, NULL, NULL, NULL, NULL, NULL, NULL, NULL, NULL, NULL, NULL, NULL, NULL, NULL, NULL, NULL, NULL, NULL),
(104, 104, 5, NULL, NULL, NULL, NULL, NULL, NULL, NULL, NULL, NULL, NULL, NULL, NULL, NULL, NULL, NULL, NULL, NULL, NULL, NULL, NULL, NULL, NULL, NULL, NULL, NULL, NULL, NULL, NULL, NULL, NULL, NULL),
(105, 105, 5, NULL, NULL, NULL, NULL, NULL, NULL, NULL, NULL, NULL, NULL, NULL, NULL, NULL, NULL, NULL, NULL, NULL, NULL, NULL, NULL, NULL, NULL, NULL, NULL, NULL, NULL, NULL, NULL, NULL, NULL, NULL),
(106, 106, 5, NULL, NULL, NULL, NULL, NULL, NULL, NULL, NULL, NULL, NULL, NULL, NULL, NULL, NULL, NULL, NULL, NULL, NULL, NULL, NULL, NULL, NULL, NULL, NULL, NULL, NULL, NULL, NULL, NULL, NULL, NULL),
(107, 107, 5, NULL, NULL, NULL, NULL, NULL, NULL, NULL, NULL, NULL, NULL, NULL, NULL, NULL, NULL, NULL, NULL, NULL, NULL, NULL, NULL, NULL, NULL, NULL, NULL, NULL, NULL, NULL, NULL, NULL, NULL, NULL),
(108, 108, 5, NULL, NULL, NULL, NULL, NULL, NULL, NULL, NULL, NULL, NULL, NULL, NULL, NULL, NULL, NULL, NULL, NULL, NULL, NULL, NULL, NULL, NULL, NULL, NULL, NULL, NULL, NULL, NULL, NULL, NULL, NULL),
(109, 109, 5, NULL, NULL, NULL, NULL, NULL, NULL, NULL, NULL, NULL, NULL, NULL, NULL, NULL, NULL, NULL, NULL, NULL, NULL, NULL, NULL, NULL, NULL, NULL, NULL, NULL, NULL, NULL, NULL, NULL, NULL, NULL),
(110, 110, 5, NULL, NULL, NULL, NULL, NULL, NULL, NULL, NULL, NULL, NULL, NULL, NULL, NULL, NULL, NULL, NULL, NULL, NULL, NULL, NULL, NULL, NULL, NULL, NULL, NULL, NULL, NULL, NULL, NULL, NULL, NULL),
(111, 111, 5, NULL, NULL, NULL, NULL, NULL, NULL, NULL, NULL, NULL, NULL, NULL, NULL, NULL, NULL, NULL, NULL, NULL, NULL, NULL, NULL, NULL, NULL, NULL, NULL, NULL, NULL, NULL, NULL, NULL, NULL, NULL),
(112, 112, 5, NULL, NULL, NULL, NULL, NULL, NULL, NULL, NULL, NULL, NULL, NULL, NULL, NULL, NULL, NULL, NULL, NULL, NULL, NULL, NULL, NULL, NULL, NULL, NULL, NULL, NULL, NULL, NULL, NULL, NULL, NULL),
(113, 113, 5, NULL, NULL, NULL, NULL, NULL, NULL, NULL, NULL, NULL, NULL, NULL, NULL, NULL, NULL, NULL, NULL, NULL, NULL, NULL, NULL, NULL, NULL, NULL, NULL, NULL, NULL, NULL, NULL, NULL, NULL, NULL),
(114, 114, 5, NULL, NULL, NULL, NULL, NULL, NULL, NULL, NULL, NULL, NULL, NULL, NULL, NULL, NULL, NULL, NULL, NULL, NULL, NULL, NULL, NULL, NULL, NULL, NULL, NULL, NULL, NULL, NULL, NULL, NULL, NULL),
(115, 115, 5, NULL, NULL, NULL, NULL, NULL, NULL, NULL, NULL, NULL, NULL, NULL, NULL, NULL, NULL, NULL, NULL, NULL, NULL, NULL, NULL, NULL, NULL, NULL, NULL, NULL, NULL, NULL, NULL, NULL, NULL, NULL),
(116, 116, 5, NULL, NULL, NULL, NULL, NULL, NULL, NULL, NULL, NULL, NULL, NULL, NULL, NULL, NULL, NULL, NULL, NULL, NULL, NULL, NULL, NULL, NULL, NULL, NULL, NULL, NULL, NULL, NULL, NULL, NULL, NULL),
(117, 117, 5, NULL, NULL, NULL, NULL, NULL, NULL, NULL, NULL, NULL, NULL, NULL, NULL, NULL, NULL, NULL, NULL, NULL, NULL, NULL, NULL, NULL, NULL, NULL, NULL, NULL, NULL, NULL, NULL, NULL, NULL, NULL),
(118, 118, 5, NULL, NULL, NULL, NULL, NULL, NULL, NULL, NULL, NULL, NULL, NULL, NULL, NULL, NULL, NULL, NULL, NULL, NULL, NULL, NULL, NULL, NULL, NULL, NULL, NULL, NULL, NULL, NULL, NULL, NULL, NULL),
(119, 119, 5, NULL, NULL, NULL, NULL, NULL, NULL, NULL, NULL, NULL, NULL, NULL, NULL, NULL, NULL, NULL, NULL, NULL, NULL, NULL, NULL, NULL, NULL, NULL, NULL, NULL, NULL, NULL, NULL, NULL, NULL, NULL),
(120, 120, 5, NULL, NULL, NULL, NULL, NULL, NULL, NULL, NULL, NULL, NULL, NULL, NULL, NULL, NULL, NULL, NULL, NULL, NULL, NULL, NULL, NULL, NULL, NULL, NULL, NULL, NULL, NULL, NULL, NULL, NULL, NULL),
(121, 121, 5, NULL, NULL, NULL, NULL, NULL, NULL, NULL, NULL, NULL, NULL, NULL, NULL, NULL, NULL, NULL, NULL, NULL, NULL, NULL, NULL, NULL, NULL, NULL, NULL, NULL, NULL, NULL, NULL, NULL, NULL, NULL),
(122, 122, 5, NULL, NULL, NULL, NULL, NULL, NULL, NULL, NULL, NULL, NULL, NULL, NULL, NULL, NULL, NULL, NULL, NULL, NULL, NULL, NULL, NULL, NULL, NULL, NULL, NULL, NULL, NULL, NULL, NULL, NULL, NULL),
(123, 123, 5, NULL, NULL, NULL, NULL, NULL, NULL, NULL, NULL, NULL, NULL, NULL, NULL, NULL, NULL, NULL, NULL, NULL, NULL, NULL, NULL, NULL, NULL, NULL, NULL, NULL, NULL, NULL, NULL, NULL, NULL, NULL),
(124, 124, 5, NULL, NULL, NULL, NULL, NULL, NULL, NULL, NULL, NULL, NULL, NULL, NULL, NULL, NULL, NULL, NULL, NULL, NULL, NULL, NULL, NULL, NULL, NULL, NULL, NULL, NULL, NULL, NULL, NULL, NULL, NULL),
(125, 125, 5, NULL, NULL, NULL, NULL, NULL, NULL, NULL, NULL, NULL, NULL, NULL, NULL, NULL, NULL, NULL, NULL, NULL, NULL, NULL, NULL, NULL, NULL, NULL, NULL, NULL, NULL, NULL, NULL, NULL, NULL, NULL),
(126, 126, 5, NULL, NULL, NULL, NULL, NULL, NULL, NULL, NULL, NULL, NULL, NULL, NULL, NULL, NULL, NULL, NULL, NULL, NULL, NULL, NULL, NULL, NULL, NULL, NULL, NULL, NULL, NULL, NULL, NULL, NULL, NULL),
(127, 127, 5, NULL, NULL, NULL, NULL, NULL, NULL, NULL, NULL, NULL, NULL, NULL, NULL, NULL, NULL, NULL, NULL, NULL, NULL, NULL, NULL, NULL, NULL, NULL, NULL, NULL, NULL, NULL, NULL, NULL, NULL, NULL),
(128, 128, 5, NULL, NULL, NULL, NULL, NULL, NULL, NULL, NULL, NULL, NULL, NULL, NULL, NULL, NULL, NULL, NULL, NULL, NULL, NULL, NULL, NULL, NULL, NULL, NULL, NULL, NULL, NULL, NULL, NULL, NULL, NULL),
(129, 130, 5, NULL, NULL, NULL, NULL, NULL, NULL, NULL, NULL, NULL, NULL, NULL, NULL, NULL, NULL, NULL, NULL, NULL, NULL, NULL, NULL, NULL, NULL, NULL, NULL, NULL, NULL, NULL, NULL, NULL, NULL, NULL),
(130, 131, 5, NULL, NULL, NULL, NULL, NULL, NULL, NULL, NULL, NULL, NULL, NULL, NULL, NULL, NULL, NULL, NULL, NULL, NULL, NULL, NULL, NULL, NULL, NULL, NULL, NULL, NULL, NULL, NULL, NULL, NULL, NULL),
(131, 132, 5, NULL, NULL, NULL, NULL, NULL, NULL, NULL, NULL, NULL, NULL, NULL, NULL, NULL, NULL, NULL, NULL, NULL, NULL, NULL, NULL, NULL, NULL, NULL, NULL, NULL, NULL, NULL, NULL, NULL, NULL, NULL),
(132, 133, 5, NULL, NULL, NULL, NULL, NULL, NULL, NULL, NULL, NULL, NULL, NULL, NULL, NULL, NULL, NULL, NULL, NULL, NULL, NULL, NULL, NULL, NULL, NULL, NULL, NULL, NULL, NULL, NULL, NULL, NULL, NULL),
(133, 134, 5, NULL, NULL, NULL, NULL, NULL, NULL, NULL, NULL, NULL, NULL, NULL, NULL, NULL, NULL, NULL, NULL, NULL, NULL, NULL, NULL, NULL, NULL, NULL, NULL, NULL, NULL, NULL, NULL, NULL, NULL, NULL),
(134, 135, 5, NULL, NULL, NULL, NULL, NULL, NULL, NULL, NULL, NULL, NULL, NULL, NULL, NULL, NULL, NULL, NULL, NULL, NULL, NULL, NULL, NULL, NULL, NULL, NULL, NULL, NULL, NULL, NULL, NULL, NULL, NULL),
(135, 136, 5, NULL, NULL, NULL, NULL, NULL, NULL, NULL, NULL, NULL, NULL, NULL, NULL, NULL, NULL, NULL, NULL, NULL, NULL, NULL, NULL, NULL, NULL, NULL, NULL, NULL, NULL, NULL, NULL, NULL, NULL, NULL),
(136, 137, 5, NULL, NULL, NULL, NULL, NULL, NULL, NULL, NULL, NULL, NULL, NULL, NULL, NULL, NULL, NULL, NULL, NULL, NULL, NULL, NULL, NULL, NULL, NULL, NULL, NULL, NULL, NULL, NULL, NULL, NULL, NULL),
(137, 138, 5, NULL, NULL, NULL, NULL, NULL, NULL, NULL, NULL, NULL, NULL, NULL, NULL, NULL, NULL, NULL, NULL, NULL, NULL, NULL, NULL, NULL, NULL, NULL, NULL, NULL, NULL, NULL, NULL, NULL, NULL, NULL),
(138, 139, 5, NULL, NULL, NULL, NULL, NULL, NULL, NULL, NULL, NULL, NULL, NULL, NULL, NULL, NULL, NULL, NULL, NULL, NULL, NULL, NULL, NULL, NULL, NULL, NULL, NULL, NULL, NULL, NULL, NULL, NULL, NULL),
(139, 140, 5, NULL, NULL, NULL, NULL, NULL, NULL, NULL, NULL, NULL, NULL, NULL, NULL, NULL, NULL, NULL, NULL, NULL, NULL, NULL, NULL, NULL, NULL, NULL, NULL, NULL, NULL, NULL, NULL, NULL, NULL, NULL),
(140, 141, 5, NULL, NULL, NULL, NULL, NULL, NULL, NULL, NULL, NULL, NULL, NULL, NULL, NULL, NULL, NULL, NULL, NULL, NULL, NULL, NULL, NULL, NULL, NULL, NULL, NULL, NULL, NULL, NULL, NULL, NULL, NULL),
(141, 142, 5, NULL, NULL, NULL, NULL, NULL, NULL, NULL, NULL, NULL, NULL, NULL, NULL, NULL, NULL, NULL, NULL, NULL, NULL, NULL, NULL, NULL, NULL, NULL, NULL, NULL, NULL, NULL, NULL, NULL, NULL, NULL),
(142, 143, 5, NULL, NULL, NULL, NULL, NULL, NULL, NULL, NULL, NULL, NULL, NULL, NULL, NULL, NULL, NULL, NULL, NULL, NULL, NULL, NULL, NULL, NULL, NULL, NULL, NULL, NULL, NULL, NULL, NULL, NULL, NULL),
(143, 101, 5, NULL, NULL, NULL, NULL, NULL, NULL, NULL, NULL, NULL, NULL, NULL, NULL, NULL, NULL, NULL, NULL, NULL, NULL, NULL, NULL, NULL, NULL, NULL, NULL, NULL, NULL, NULL, NULL, NULL, NULL, NULL);

-- --------------------------------------------------------

--
-- Table structure for table `energy`
--

CREATE TABLE IF NOT EXISTS `energy` (
  `id` int(2) unsigned NOT NULL AUTO_INCREMENT,
  `category` varchar(25) NOT NULL,
  `fixed_ht` decimal(10,2) NOT NULL,
  `ht_single` decimal(10,2) NOT NULL,
  `f` decimal(10,2) NOT NULL,
  `d` decimal(10,2) NOT NULL,
  PRIMARY KEY (`id`),
  KEY `category` (`category`)
) ENGINE=InnoDB  DEFAULT CHARSET=utf8 AUTO_INCREMENT=7 ;

--
-- Dumping data for table `energy`
--

INSERT INTO `energy` (`id`, `category`, `fixed_ht`, `ht_single`, `f`, `d`) VALUES
(1, 'commercial', '100.00', '5.70', '0.50', '0.45'),
(2, 'water_works', '100.00', '5.00', '0.50', '0.45'),
(3, 'agri', '100.00', '3.00', '0.50', '0.45'),
(4, 'mip', '100.00', '4.30', '0.75', '0.45'),
(5, 'mip', '100.00', '5.00', '0.75', '0.45'),
(6, 'bulk', '100.00', '4.60', '0.50', '0.45');

-- --------------------------------------------------------

--
-- Table structure for table `feeders`
--

CREATE TABLE IF NOT EXISTS `feeders` (
  `id` int(5) unsigned NOT NULL AUTO_INCREMENT,
  `ss_id` int(5) unsigned NOT NULL,
  `feeder` varchar(50) NOT NULL,
  PRIMARY KEY (`id`),
  KEY `ss_id` (`ss_id`)
) ENGINE=InnoDB  DEFAULT CHARSET=utf8 AUTO_INCREMENT=147 ;

--
-- Dumping data for table `feeders`
--

INSERT INTO `feeders` (`id`, `ss_id`, `feeder`) VALUES
(1, 1, 'Eastern-1'),
(2, 1, 'Western'),
(3, 1, 'CRPF'),
(4, 1, 'Brick Field'),
(5, 1, 'Tiddim-1'),
(6, 1, 'PGCI'),
(7, 2, 'Tiddim-2'),
(9, 2, 'Assembly'),
(10, 2, 'Eastern-2'),
(11, 2, 'Bazar'),
(12, 2, 'Secretariat'),
(13, 3, 'Lamphel'),
(14, 3, 'Nityananda'),
(15, 3, 'Uripok'),
(16, 3, 'Capital Project'),
(17, 3, 'RIMS'),
(18, 4, 'DC'),
(19, 4, 'RMC Old'),
(20, 4, 'RMC New'),
(21, 4, 'Singda'),
(22, 4, 'CAU'),
(23, 4, 'Solid Waste'),
(24, 5, 'Mantripukhri'),
(25, 5, 'TV'),
(26, 5, 'Sport'),
(27, 6, 'Tera'),
(28, 6, 'Ghari'),
(29, 6, 'Dedicated'),
(30, 7, 'Assembly-2/NAOC'),
(31, 7, 'Satation/New Lambulane'),
(32, 7, 'Thangal/Bazar'),
(33, 8, 'Khongman'),
(34, 8, 'Wangkhei-1'),
(35, 8, 'Thambalkhong'),
(36, 8, 'Yairipok'),
(37, 9, 'Nambul-1'),
(38, 9, 'Hiyangthang'),
(39, 9, 'Heirangoithong'),
(40, 9, 'Canchipur'),
(41, 9, 'MU'),
(42, 10, 'Mayang Imphal (Old)'),
(43, 10, 'Wangoi'),
(44, 10, 'Thoubal'),
(45, 10, 'Mayang Imphal Bazar'),
(46, 10, 'AIR'),
(47, 11, 'Minuthong'),
(48, 11, 'Pangei'),
(49, 11, 'Lamlong'),
(50, 11, 'DMC'),
(51, 12, 'Wangkhei-II'),
(52, 12, 'Bamon Leikai'),
(53, 13, 'Kakwa'),
(54, 13, 'Singjamei'),
(55, 14, 'Mantripukhri-II'),
(56, 14, 'IT Park'),
(57, 15, 'JNIMS'),
(58, 15, 'Water Supply'),
(59, 16, 'Napet'),
(60, 16, 'Lamlai'),
(61, 17, 'Yumnam Khunou'),
(62, 17, 'Sagolmang'),
(63, 18, 'Koirengei'),
(64, 18, 'Water Supply'),
(65, 19, 'Sawombung'),
(66, 19, 'Kangla Siphai'),
(67, 20, 'Kakching'),
(68, 20, 'Chandel'),
(69, 20, 'AR'),
(70, 21, 'Wangjing'),
(71, 21, 'Heirok'),
(72, 21, 'Khongjom'),
(73, 22, 'South'),
(75, 22, 'Lilong'),
(76, 22, 'Charangpat'),
(77, 22, 'Yairipok'),
(78, 23, 'Sugnu'),
(79, 23, 'Kakching Khunou'),
(80, 24, 'Ningthoukhong'),
(81, 24, 'Bishnupur'),
(82, 25, 'Moirang Bazar'),
(83, 25, 'Thamnapokpi'),
(84, 25, 'Lamkhai'),
(85, 26, 'Kumbi'),
(86, 26, 'Thanga'),
(87, 27, 'Oinam'),
(88, 27, 'DC'),
(89, 27, 'Botling Plant'),
(90, 28, 'Nambol'),
(91, 29, 'IB'),
(92, 29, 'Kangvai'),
(93, 29, 'Singhat Town'),
(94, 30, 'Feeder-I'),
(95, 30, 'Feeder-II'),
(96, 30, 'BSF'),
(97, 31, 'Singhat'),
(98, 32, 'Thinkew'),
(99, 32, 'Tuilumjang'),
(100, 33, 'Thanlon'),
(101, 59, 'Sangaikot'),
(102, 34, 'Jiribam'),
(103, 34, 'Tipaimukh'),
(104, 34, 'Kaimai'),
(105, 35, 'Shivapurukhal'),
(106, 36, 'Ukhrul'),
(107, 36, 'Sangsak'),
(108, 37, 'Toloi'),
(109, 38, 'Namrei'),
(110, 39, 'Jesami'),
(111, 40, 'Khonghampat'),
(112, 40, 'Khurkhul'),
(113, 40, 'Spining Mill'),
(114, 40, 'MES Army'),
(115, 41, 'Longphu'),
(116, 41, 'Lamlan Gate'),
(117, 42, 'Kamjong'),
(118, 43, 'Molkol'),
(119, 43, 'Ekou'),
(120, 44, 'Senapati'),
(121, 44, 'Lairou'),
(122, 45, 'Maram'),
(123, 45, 'Purul'),
(124, 46, 'Mao Tadubi'),
(125, 46, 'Paomata'),
(126, 47, 'Lakhamai'),
(127, 48, 'Wilong'),
(128, 49, 'Kangpokpi'),
(129, 18, 'Sekmai'),
(130, 51, 'Tamei'),
(131, 51, 'Khongphung'),
(132, 52, 'Noney'),
(133, 52, 'Tupul'),
(134, 53, 'Nungba '),
(135, 53, 'Khongsang'),
(136, 54, 'Tamenglong'),
(137, 54, 'Dailong'),
(138, 54, 'Vkhongjarol'),
(139, 55, 'Tausem'),
(140, 56, 'Khoupum'),
(141, 57, 'Tengnoupal'),
(142, 57, 'Sita'),
(143, 58, 'Moreh'),
(145, 18, '5th IRB'),
(146, 28, 'LEIMAPOKPAM');

-- --------------------------------------------------------

--
-- Table structure for table `msg`
--

CREATE TABLE IF NOT EXISTS `msg` (
  `id` int(11) unsigned NOT NULL AUTO_INCREMENT,
  `sub_id` int(3) unsigned NOT NULL,
  `feed_id` int(3) unsigned NOT NULL,
  `auth1` int(3) unsigned DEFAULT NULL,
  `auth2` int(3) unsigned DEFAULT NULL,
  `auth3` int(3) unsigned DEFAULT NULL,
  `auth4` int(3) unsigned DEFAULT NULL,
  `auth5` int(3) unsigned DEFAULT NULL,
  `auth6` int(3) unsigned DEFAULT NULL,
  PRIMARY KEY (`id`),
  KEY `sub_id` (`sub_id`),
  KEY `feed_id` (`feed_id`)
) ENGINE=InnoDB  DEFAULT CHARSET=utf8 AUTO_INCREMENT=144 ;

--
-- Dumping data for table `msg`
--

INSERT INTO `msg` (`id`, `sub_id`, `feed_id`, `auth1`, `auth2`, `auth3`, `auth4`, `auth5`, `auth6`) VALUES
(1, 1, 1, 5, 9, 28, 0, 0, 0),
(2, 1, 2, 5, 9, 28, 0, 0, 0),
(3, 1, 3, 5, 9, 28, 0, 0, 0),
(4, 1, 4, 5, 9, 28, 22, 0, 0),
(5, 1, 5, 5, 9, 10, 28, 22, 29),
(6, 1, 6, 5, 9, 28, 0, 0, 0),
(7, 2, 7, 5, 8, 9, 22, 23, 0),
(8, 2, 9, 5, 8, 23, 24, 0, 0),
(9, 2, 10, 5, 9, 22, 0, 0, 0),
(10, 2, 11, 5, 8, 9, 25, 23, 24),
(11, 2, 12, 5, 8, 23, 24, 0, 0),
(12, 3, 13, 5, 9, 25, 0, 0, 0),
(13, 3, 14, 5, 9, 25, 0, 0, 0),
(14, 3, 15, 5, 9, 25, 26, 0, 0),
(15, 3, 16, 5, 9, 11, 25, 27, 0),
(16, 3, 17, 5, 9, 25, 26, 22, 0),
(17, 4, 18, 5, 9, 26, 22, 0, 0),
(18, 4, 19, 5, 9, 26, 0, 0, 0),
(19, 4, 20, 5, 9, 26, 0, 0, 0),
(20, 4, 21, 5, 9, 26, 0, 0, 0),
(21, 4, 22, 5, 9, 26, 0, 0, 0),
(22, 4, 23, 5, 9, 26, 0, 0, 0),
(23, 5, 24, 5, 11, 27, 0, 0, 0),
(24, 5, 25, 5, 11, 27, 0, 0, 0),
(25, 5, 26, 5, 11, 27, 0, 0, 0),
(26, 6, 27, 5, 9, 22, 0, 0, 0),
(27, 6, 28, 5, 9, 22, 23, 0, 0),
(28, 6, 29, 5, 9, 22, 0, 0, 0),
(29, 7, 30, 5, 8, 24, 0, 0, 0),
(30, 7, 31, 5, 8, 24, 0, 0, 0),
(31, 7, 32, 5, 8, 24, 0, 0, 0),
(32, 8, 33, 5, 10, 31, 32, 0, 0),
(33, 8, 34, 5, 10, 32, 0, 0, 0),
(34, 8, 35, 5, 10, 32, 31, 0, 0),
(35, 8, 36, 5, 10, 31, 0, 0, 0),
(36, 9, 37, 5, 10, 8, 23, 33, 0),
(37, 9, 38, 5, 10, 29, 33, 0, 0),
(38, 9, 39, 5, 10, 33, 0, 0, 0),
(39, 9, 40, 5, 10, 33, 31, 0, 0),
(40, 9, 41, 5, 10, 33, 31, 0, 0),
(41, 10, 42, 5, 10, 15, 29, 41, 0),
(42, 10, 43, 5, 10, 29, 0, 0, 0),
(43, 10, 44, 5, 10, 17, 45, 29, 0),
(44, 10, 45, 5, 10, 29, 0, 0, 0),
(45, 10, 46, 5, 10, 29, 0, 0, 0),
(46, 11, 47, 5, 11, 27, 0, 0, 0),
(47, 11, 48, 5, 11, 34, 0, 0, 0),
(48, 11, 49, 5, 11, 35, 0, 0, 0),
(49, 11, 50, 5, 11, 34, 0, 0, 0),
(50, 12, 51, 5, 10, 32, 0, 0, 0),
(51, 12, 52, 5, 10, 32, 0, 0, 0),
(52, 13, 53, 5, 10, 33, 32, 0, 0),
(53, 13, 54, 5, 10, 33, 32, 0, 0),
(54, 14, 55, 5, 11, 27, 0, 0, 0),
(55, 14, 56, 5, 11, 27, 0, 0, 0),
(56, 15, 57, 5, 11, 27, 0, 0, 0),
(57, 15, 58, 5, 11, 27, 0, 0, 0),
(58, 16, 59, 5, 11, 35, 0, 0, 0),
(59, 16, 60, 5, 11, 35, 0, 0, 0),
(60, 17, 61, 5, 11, 34, 0, 0, 0),
(61, 17, 62, 5, 11, 34, 0, 0, 0),
(62, 18, 63, 5, 11, 27, 34, 0, 0),
(63, 18, 64, 5, 11, 27, 0, 0, 0),
(64, 19, 65, 5, 11, 35, 0, 0, 0),
(65, 19, 66, 5, 11, 35, 0, 0, 0),
(66, 20, 67, 6, 15, 41, 0, 0, 0),
(67, 20, 68, 6, 16, 42, 0, 0, 0),
(68, 20, 69, 6, 15, 41, 0, 0, 0),
(69, 21, 70, 6, 17, 45, 0, 0, 0),
(70, 21, 71, 6, 17, 45, 0, 0, 0),
(71, 21, 72, 6, 17, 45, 0, 0, 0),
(72, 22, 73, 6, 17, 45, 0, 0, 0),
(73, 22, 75, 6, 17, 46, 45, 0, 0),
(74, 22, 76, 6, 17, 45, 47, 0, 0),
(75, 22, 77, 6, 17, 45, 47, 0, 0),
(76, 23, 78, 6, 15, 48, 0, 0, 0),
(77, 23, 79, 6, 15, 48, 0, 0, 0),
(78, 24, 80, 6, 19, 55, 0, 0, 0),
(79, 24, 81, 6, 19, 55, 0, 0, 0),
(80, 25, 82, 6, 19, 57, 0, 0, 0),
(81, 25, 83, 6, 19, 57, 0, 0, 0),
(82, 25, 84, 6, 19, 57, 0, 0, 0),
(83, 26, 85, 6, 19, 58, 0, 0, 0),
(84, 26, 86, 6, 19, 57, 0, 0, 0),
(85, 27, 87, 6, 19, 55, 56, 0, 0),
(86, 27, 88, 6, 19, 55, 0, 0, 0),
(87, 27, 89, 6, 19, 55, 0, 0, 0),
(88, 28, 90, 6, 19, 56, 0, 0, 0),
(89, 29, 91, 6, 20, 59, 0, 0, 0),
(90, 29, 92, 6, 20, 59, 57, 0, 0),
(91, 29, 93, 6, 20, 59, 0, 0, 0),
(92, 30, 94, 6, 20, 60, 0, 0, 0),
(93, 30, 95, 6, 20, 60, 0, 0, 0),
(94, 30, 96, 6, 20, 60, 0, 0, 0),
(95, 31, 97, 6, 20, 60, 0, 0, 0),
(96, 32, 98, 6, 20, 61, 0, 0, 0),
(97, 32, 99, 0, 0, 0, 0, 0, 0),
(98, 33, 100, 6, 20, 61, 0, 0, 0),
(99, 59, 101, 0, 0, 0, 0, 0, 0),
(100, 34, 102, 7, 21, 62, 0, 0, 0),
(101, 34, 103, 7, 21, 62, 0, 0, 0),
(102, 34, 104, 7, 21, 63, 0, 0, 0),
(103, 35, 105, 7, 20, 61, 0, 0, 0),
(104, 36, 106, 7, 14, 38, 0, 0, 0),
(105, 36, 107, 7, 14, 39, 0, 0, 0),
(106, 37, 108, 7, 14, 38, 0, 0, 0),
(107, 38, 109, 7, 14, 38, 0, 0, 0),
(108, 39, 110, 7, 14, 38, 0, 0, 0),
(109, 40, 111, 7, 13, 54, 0, 0, 0),
(110, 40, 112, 7, 13, 54, 0, 0, 0),
(111, 40, 113, 7, 13, 54, 0, 0, 0),
(112, 40, 114, 7, 13, 54, 0, 0, 0),
(113, 41, 115, 7, 14, 37, 0, 0, 0),
(114, 41, 116, 7, 14, 37, 0, 0, 0),
(115, 42, 117, 7, 14, 40, 0, 0, 0),
(116, 43, 118, 7, 13, 36, 0, 0, 0),
(117, 43, 119, 7, 13, 36, 0, 0, 0),
(118, 44, 120, 7, 18, 49, 0, 0, 0),
(119, 44, 121, 7, 18, 49, 50, 0, 0),
(120, 45, 122, 7, 18, 50, 0, 0, 0),
(121, 45, 123, 7, 18, 50, 0, 0, 0),
(122, 46, 124, 7, 18, 50, 0, 0, 0),
(123, 46, 125, 7, 18, 50, 0, 0, 0),
(124, 47, 126, 7, 18, 50, 0, 0, 0),
(125, 48, 127, 7, 18, 49, 50, 0, 0),
(126, 49, 128, 7, 13, 51, 0, 0, 0),
(127, 18, 129, 5, 11, 27, 34, 0, 0),
(128, 51, 130, 7, 12, 53, 52, 0, 0),
(129, 51, 131, 7, 12, 52, 0, 0, 0),
(130, 52, 132, 7, 12, 30, 0, 0, 0),
(131, 52, 133, 7, 12, 30, 0, 0, 0),
(132, 53, 134, 7, 12, 30, 0, 0, 0),
(133, 53, 135, 7, 12, 30, 0, 0, 0),
(134, 54, 136, 0, 0, 0, 0, 0, 0),
(135, 54, 137, 0, 0, 0, 0, 0, 0),
(136, 54, 138, 7, 12, 30, 0, 0, 0),
(137, 55, 139, 7, 12, 53, 0, 0, 0),
(138, 56, 140, 7, 12, 30, 0, 0, 0),
(139, 57, 141, 7, 16, 43, 0, 0, 0),
(140, 57, 142, 7, 16, 43, 0, 0, 0),
(141, 58, 143, 7, 16, 44, 0, 0, 0),
(142, 18, 145, 5, 11, 27, 0, 0, 0),
(143, 28, 146, 6, 19, 56, 0, 0, 0);

-- --------------------------------------------------------

--
-- Table structure for table `noti`
--

CREATE TABLE IF NOT EXISTS `noti` (
  `id` int(11) unsigned NOT NULL AUTO_INCREMENT,
  `sender_id` int(11) unsigned NOT NULL,
  `reciever_id` int(11) unsigned NOT NULL,
  `sub_id` int(3) DEFAULT NULL,
  `feeder_id` int(2) unsigned DEFAULT NULL,
  `message` text NOT NULL,
  `matam` timestamp NOT NULL DEFAULT CURRENT_TIMESTAMP ON UPDATE CURRENT_TIMESTAMP,
  `logic` tinyint(3) unsigned NOT NULL DEFAULT '0',
  `reply` tinyint(1) unsigned DEFAULT NULL,
  PRIMARY KEY (`id`)
) ENGINE=InnoDB  DEFAULT CHARSET=utf8 AUTO_INCREMENT=7 ;

--
-- Dumping data for table `noti`
--

INSERT INTO `noti` (`id`, `sender_id`, `reciever_id`, `sub_id`, `feeder_id`, `message`, `matam`, `logic`, `reply`) VALUES
(1, 1, 10, 1, 1, 'delete', '2016-04-02 09:28:55', 0, 0),
(2, 1, 10, 60, 146, 'delete', '2016-04-02 09:32:32', 0, 1),
(3, 1, 10, 60, NULL, 'delete', '2016-04-02 09:35:19', 0, 1),
(6, 1, 10, 61, NULL, 'delete', '2016-04-02 09:58:43', 0, 1);

-- --------------------------------------------------------

--
-- Table structure for table `report_2016`
--

CREATE TABLE IF NOT EXISTS `report_2016` (
  `id` int(5) unsigned NOT NULL AUTO_INCREMENT,
  `gm` int(1) NOT NULL,
  `ss_id` int(5) unsigned NOT NULL,
  `feeder` varchar(55) NOT NULL,
  `1` int(5) DEFAULT NULL,
  `2` int(5) DEFAULT NULL,
  `3` int(5) DEFAULT NULL,
  `4` int(5) DEFAULT NULL,
  `5` int(5) DEFAULT NULL,
  `6` int(5) DEFAULT NULL,
  `7` int(5) DEFAULT NULL,
  `8` int(5) DEFAULT NULL,
  `9` int(5) DEFAULT NULL,
  `10` int(5) DEFAULT NULL,
  `11` int(5) DEFAULT NULL,
  `12` int(5) DEFAULT NULL,
  PRIMARY KEY (`id`),
  KEY `ss_id` (`ss_id`),
  KEY `ss_id_2` (`ss_id`)
) ENGINE=InnoDB  DEFAULT CHARSET=utf8 AUTO_INCREMENT=147 ;

--
-- Dumping data for table `report_2016`
--

INSERT INTO `report_2016` (`id`, `gm`, `ss_id`, `feeder`, `1`, `2`, `3`, `4`, `5`, `6`, `7`, `8`, `9`, `10`, `11`, `12`) VALUES
(1, 1, 1, 'Eastern-1', 273, 93, 29, 152, NULL, NULL, NULL, NULL, NULL, NULL, NULL, NULL),
(2, 1, 1, 'Western', 514, 294, 225, 434, NULL, NULL, NULL, NULL, NULL, NULL, NULL, NULL),
(3, 1, 1, 'CRPF', 84, 21, 44, 167, NULL, NULL, NULL, NULL, NULL, NULL, NULL, NULL),
(4, 1, 1, 'Brick Field', 215, 54, 32, 190, NULL, NULL, NULL, NULL, NULL, NULL, NULL, NULL),
(5, 1, 1, 'Tiddim-1', 201, 114, 109, 200, NULL, NULL, NULL, NULL, NULL, NULL, NULL, NULL),
(6, 1, 1, 'PGCI', 36, 7, 15, 18, NULL, NULL, NULL, NULL, NULL, NULL, NULL, NULL),
(7, 1, 2, 'Tiddim-2', 59, 2, 16, 22, NULL, NULL, NULL, NULL, NULL, NULL, NULL, NULL),
(9, 1, 2, 'Assembly', 13, 3, 3, 10, NULL, NULL, NULL, NULL, NULL, NULL, NULL, NULL),
(10, 1, 2, 'Eastern-2', 42, 23, 31, 30, NULL, NULL, NULL, NULL, NULL, NULL, NULL, NULL),
(11, 1, 2, 'Bazar', 69, 15, 9, 123, NULL, NULL, NULL, NULL, NULL, NULL, NULL, NULL),
(12, 1, 2, 'Secretariat', 10, 2, 1, 6, NULL, NULL, NULL, NULL, NULL, NULL, NULL, NULL),
(13, 1, 3, 'Lamphel', 19, 15, 11, 45, NULL, NULL, NULL, NULL, NULL, NULL, NULL, NULL),
(14, 1, 3, 'Nityananda', 19, 39, 15, 42, NULL, NULL, NULL, NULL, NULL, NULL, NULL, NULL),
(15, 1, 3, 'Uripok', 17, 13, 16, 42, NULL, NULL, NULL, NULL, NULL, NULL, NULL, NULL),
(16, 1, 3, 'Capital Project', 8, 7, 17, 24, NULL, NULL, NULL, NULL, NULL, NULL, NULL, NULL),
(17, 1, 3, 'RIMS', 14, 7, 25, 31, NULL, NULL, NULL, NULL, NULL, NULL, NULL, NULL),
(18, 1, 4, 'DC', 32, 51, 71, 117, NULL, NULL, NULL, NULL, NULL, NULL, NULL, NULL),
(19, 1, 4, 'RMC Old', 28, 12, 8, 80, NULL, NULL, NULL, NULL, NULL, NULL, NULL, NULL),
(20, 1, 4, 'RMC New', 6, 1, 6, 87, NULL, NULL, NULL, NULL, NULL, NULL, NULL, NULL),
(21, 1, 4, 'Singda', 68, 54, 117, 250, NULL, NULL, NULL, NULL, NULL, NULL, NULL, NULL),
(22, 1, 4, 'CAU', 11, 0, 6, 9, NULL, NULL, NULL, NULL, NULL, NULL, NULL, NULL),
(23, 1, 4, 'Solid Waste', 3, 20, 6, 32, NULL, NULL, NULL, NULL, NULL, NULL, NULL, NULL),
(24, 1, 5, 'Mantripukhri', 33, 13, 13, 78, NULL, NULL, NULL, NULL, NULL, NULL, NULL, NULL),
(25, 1, 5, 'TV', 34, 23, 39, 68, NULL, NULL, NULL, NULL, NULL, NULL, NULL, NULL),
(26, 1, 5, 'Sport', 5, 22, 1, 71, NULL, NULL, NULL, NULL, NULL, NULL, NULL, NULL),
(27, 1, 6, 'Tera', 66, 23, 62, 76, NULL, NULL, NULL, NULL, NULL, NULL, NULL, NULL),
(28, 1, 6, 'Ghari', 91, 47, 65, 125, NULL, NULL, NULL, NULL, NULL, NULL, NULL, NULL),
(29, 1, 6, 'Dedicated', 63, 19, 44, 51, NULL, NULL, NULL, NULL, NULL, NULL, NULL, NULL),
(30, 1, 7, 'Assembly-2/NAOC', 29, 9, 21, 114, NULL, NULL, NULL, NULL, NULL, NULL, NULL, NULL),
(31, 1, 7, 'Satation/New Lambulane', 10, 3, 7, 19, NULL, NULL, NULL, NULL, NULL, NULL, NULL, NULL),
(32, 1, 7, 'Thangal/Bazar', 25, 8, 28, 24, NULL, NULL, NULL, NULL, NULL, NULL, NULL, NULL),
(33, 1, 8, 'Khongman', NULL, NULL, 75, 104, NULL, NULL, NULL, NULL, NULL, NULL, NULL, NULL),
(34, 1, 8, 'Wangkhei-1', 16, 26, 19, 37, NULL, NULL, NULL, NULL, NULL, NULL, NULL, NULL),
(35, 1, 8, 'Thambalkhong', 38, 66, 53, 93, NULL, NULL, NULL, NULL, NULL, NULL, NULL, NULL),
(36, 1, 8, 'Yairipok', NULL, NULL, 47, 136, NULL, NULL, NULL, NULL, NULL, NULL, NULL, NULL),
(37, 1, 9, 'Nambul-1', 133, NULL, 62, NULL, NULL, NULL, NULL, NULL, NULL, NULL, NULL, NULL),
(38, 1, 9, 'Hiyangthang', 185, 152, 82, 138, NULL, NULL, NULL, NULL, NULL, NULL, NULL, NULL),
(39, 1, 9, 'Heirangoithong', 102, 39, 39, 58, NULL, NULL, NULL, NULL, NULL, NULL, NULL, NULL),
(40, 1, 9, 'Canchipur', 163, 95, 57, 154, NULL, NULL, NULL, NULL, NULL, NULL, NULL, NULL),
(41, 1, 9, 'MU', 8, 8, 14, 25, NULL, NULL, NULL, NULL, NULL, NULL, NULL, NULL),
(42, 1, 10, 'Mayang Imphal (Old)', 266, 275, 96, 345, NULL, NULL, NULL, NULL, NULL, NULL, NULL, NULL),
(43, 1, 10, 'Wangoi', 295, 233, 70, 340, NULL, NULL, NULL, NULL, NULL, NULL, NULL, NULL),
(44, 1, 10, 'Thoubal', 276, 254, 58, 360, NULL, NULL, NULL, NULL, NULL, NULL, NULL, NULL),
(45, 1, 10, 'Mayang Imphal Bazar', 242, 155, 32, 290, NULL, NULL, NULL, NULL, NULL, NULL, NULL, NULL),
(46, 1, 10, 'AIR', 11, 3, 4, 287, NULL, NULL, NULL, NULL, NULL, NULL, NULL, NULL),
(47, 1, 11, 'Minuthong', 79, 28, 13, 113, NULL, NULL, NULL, NULL, NULL, NULL, NULL, NULL),
(48, 1, 11, 'Pangei', 141, 71, 46, 162, NULL, NULL, NULL, NULL, NULL, NULL, NULL, NULL),
(49, 1, 11, 'Lamlong', 125, 98, 64, 117, NULL, NULL, NULL, NULL, NULL, NULL, NULL, NULL),
(50, 1, 11, 'DMC', 71, 135, 8, 88, NULL, NULL, NULL, NULL, NULL, NULL, NULL, NULL),
(51, 1, 12, 'Wangkhei-II', 15, 12, 27, 19, NULL, NULL, NULL, NULL, NULL, NULL, NULL, NULL),
(52, 1, 12, 'Bamon Leikai', 15, 9, 8, 17, NULL, NULL, NULL, NULL, NULL, NULL, NULL, NULL),
(53, 1, 13, 'Kakwa', 166, 70, 25, 66, NULL, NULL, NULL, NULL, NULL, NULL, NULL, NULL),
(54, 1, 13, 'Singjamei', 167, 87, 23, 48, NULL, NULL, NULL, NULL, NULL, NULL, NULL, NULL),
(55, 1, 14, 'Mantripukhri-II', 24, 35, 48, 98, NULL, NULL, NULL, NULL, NULL, NULL, NULL, NULL),
(56, 1, 14, 'IT Park', 5, 23, 29, 85, NULL, NULL, NULL, NULL, NULL, NULL, NULL, NULL),
(57, 1, 15, 'JNIMS', 4, 21, 0, 2, NULL, NULL, NULL, NULL, NULL, NULL, NULL, NULL),
(58, 1, 15, 'Water Supply', 8, 3, 26, 16, NULL, NULL, NULL, NULL, NULL, NULL, NULL, NULL),
(59, 1, 16, 'Napet', 293, 256, 229, 199, NULL, NULL, NULL, NULL, NULL, NULL, NULL, NULL),
(60, 1, 16, 'Lamlai', 311, 293, 204, 157, NULL, NULL, NULL, NULL, NULL, NULL, NULL, NULL),
(61, 1, 17, 'Yumnam Khunou', 176, 171, 106, 228, NULL, NULL, NULL, NULL, NULL, NULL, NULL, NULL),
(62, 1, 17, 'Sagolmang', 175, 152, 102, 194, NULL, NULL, NULL, NULL, NULL, NULL, NULL, NULL),
(63, 1, 18, 'Koirengei', 166, 54, 98, 358, NULL, NULL, NULL, NULL, NULL, NULL, NULL, NULL),
(64, 1, 18, 'Water Supply', 62, 0, 46, 289, NULL, NULL, NULL, NULL, NULL, NULL, NULL, NULL),
(65, 1, 19, 'Sawombung', 242, 129, 97, 223, NULL, NULL, NULL, NULL, NULL, NULL, NULL, NULL),
(66, 1, 19, 'Kangla Siphai', 219, 115, 78, 228, NULL, NULL, NULL, NULL, NULL, NULL, NULL, NULL),
(67, 2, 20, 'Kakching', 48, 49, 28, 41, NULL, NULL, NULL, NULL, NULL, NULL, NULL, NULL),
(68, 2, 20, 'Chandel', 182, 102, 81, 117, NULL, NULL, NULL, NULL, NULL, NULL, NULL, NULL),
(69, 2, 20, 'AR', 59, 31, 29, 68, NULL, NULL, NULL, NULL, NULL, NULL, NULL, NULL),
(70, 2, 21, 'Wangjing', 211, 201, 86, 160, NULL, NULL, NULL, NULL, NULL, NULL, NULL, NULL),
(71, 2, 21, 'Heirok', 217, 178, 117, 143, NULL, NULL, NULL, NULL, NULL, NULL, NULL, NULL),
(72, 2, 21, 'Khongjom', 193, 174, 129, 132, NULL, NULL, NULL, NULL, NULL, NULL, NULL, NULL),
(73, 2, 22, 'South', 156, 145, 60, 149, NULL, NULL, NULL, NULL, NULL, NULL, NULL, NULL),
(74, 2, 22, 'DC-deleted', 62, 82, 49, 164, NULL, NULL, NULL, NULL, NULL, NULL, NULL, NULL),
(75, 2, 22, 'Lilong', 74, 134, 108, 204, NULL, NULL, NULL, NULL, NULL, NULL, NULL, NULL),
(76, 2, 22, 'Charangpat', 222, 227, 126, 213, NULL, NULL, NULL, NULL, NULL, NULL, NULL, NULL),
(77, 2, 22, 'Yairipok', 156, 191, 102, 202, NULL, NULL, NULL, NULL, NULL, NULL, NULL, NULL),
(78, 2, 23, 'Sugnu', 483, 464, 342, 460, NULL, NULL, NULL, NULL, NULL, NULL, NULL, NULL),
(79, 2, 23, 'Kakching Khunou', 454, 466, 319, 407, NULL, NULL, NULL, NULL, NULL, NULL, NULL, NULL),
(80, 2, 24, 'Ningthoukhong', 226, 136, 106, 156, NULL, NULL, NULL, NULL, NULL, NULL, NULL, NULL),
(81, 2, 24, 'Bishnupur', 207, 169, 156, 263, NULL, NULL, NULL, NULL, NULL, NULL, NULL, NULL),
(82, 2, 25, 'Bazar', 254, 276, 232, 242, NULL, NULL, NULL, NULL, NULL, NULL, NULL, NULL),
(83, 2, 25, 'Thamnapokpi', 344, 298, 261, 258, NULL, NULL, NULL, NULL, NULL, NULL, NULL, NULL),
(84, 2, 25, 'Lamkhai', 339, 281, 271, 228, NULL, NULL, NULL, NULL, NULL, NULL, NULL, NULL),
(85, 2, 26, 'Kumbi', 488, 483, 488, 522, NULL, NULL, NULL, NULL, NULL, NULL, NULL, NULL),
(86, 2, 26, 'Thanga', 487, 490, 485, 488, NULL, NULL, NULL, NULL, NULL, NULL, NULL, NULL),
(87, 2, 27, 'Oinam', 229, 142, 98, 197, NULL, NULL, NULL, NULL, NULL, NULL, NULL, NULL),
(88, 2, 27, 'DC', 158, 147, 49, 194, NULL, NULL, NULL, NULL, NULL, NULL, NULL, NULL),
(89, 2, 27, 'Botling Plant', 64, 51, 40, 100, NULL, NULL, NULL, NULL, NULL, NULL, NULL, NULL),
(90, 2, 28, 'Nambol', 182, 148, 157, NULL, NULL, NULL, NULL, NULL, NULL, NULL, NULL, NULL),
(91, 2, 29, 'IB', 245, 274, 266, 320, NULL, NULL, NULL, NULL, NULL, NULL, NULL, NULL),
(92, 2, 29, 'Kangvai', 373, 402, 399, 390, NULL, NULL, NULL, NULL, NULL, NULL, NULL, NULL),
(93, 2, 29, 'Singhat Town', 342, 356, 304, 317, NULL, NULL, NULL, NULL, NULL, NULL, NULL, NULL),
(94, 2, 30, 'Feeder-I', 172, 187, 205, 281, NULL, NULL, NULL, NULL, NULL, NULL, NULL, NULL),
(95, 2, 30, 'Feeder-II', 257, 317, 317, 386, NULL, NULL, NULL, NULL, NULL, NULL, NULL, NULL),
(96, 2, 30, 'BSF', 159, 176, 186, 281, NULL, NULL, NULL, NULL, NULL, NULL, NULL, NULL),
(97, 2, 31, 'Singhat', 238, 238, 275, 619, NULL, NULL, NULL, NULL, NULL, NULL, NULL, NULL),
(98, 2, 32, 'Thinkew', 79, 28, NULL, NULL, NULL, NULL, NULL, NULL, NULL, NULL, NULL, NULL),
(99, 2, 32, 'Tuilumjang', 85, 47, NULL, NULL, NULL, NULL, NULL, NULL, NULL, NULL, NULL, NULL),
(100, 2, 33, 'Thanlon', NULL, NULL, NULL, NULL, NULL, NULL, NULL, NULL, NULL, NULL, NULL, NULL),
(101, 2, 59, 'Sangaikot', NULL, NULL, NULL, 1, NULL, NULL, NULL, NULL, NULL, NULL, NULL, NULL),
(102, 3, 34, 'Jiribam', 1, 17, 23, 116, NULL, NULL, NULL, NULL, NULL, NULL, NULL, NULL),
(103, 3, 34, 'Tipaimukh', 82, 82, 69, 234, NULL, NULL, NULL, NULL, NULL, NULL, NULL, NULL),
(104, 3, 34, 'Kaimai', 7, 37, 28, 152, NULL, NULL, NULL, NULL, NULL, NULL, NULL, NULL),
(105, 3, 35, 'Shivapurukhal', NULL, NULL, NULL, NULL, NULL, NULL, NULL, NULL, NULL, NULL, NULL, NULL),
(106, 3, 36, 'Ukhrul', 291, 150, 111, 385, NULL, NULL, NULL, NULL, NULL, NULL, NULL, NULL),
(107, 3, 36, 'Sangsak', 227, 179, 184, 232, NULL, NULL, NULL, NULL, NULL, NULL, NULL, NULL),
(108, 3, 37, 'Toloi', NULL, NULL, NULL, NULL, NULL, NULL, NULL, NULL, NULL, NULL, NULL, NULL),
(109, 3, 38, 'Namrei', NULL, NULL, NULL, NULL, NULL, NULL, NULL, NULL, NULL, NULL, NULL, NULL),
(110, 3, 39, 'Jesami', NULL, NULL, NULL, NULL, NULL, NULL, NULL, NULL, NULL, NULL, NULL, NULL),
(111, 3, 40, 'Khonghampat', 351, 144, 92, 408, NULL, NULL, NULL, NULL, NULL, NULL, NULL, NULL),
(112, 3, 40, 'Khurkhul', 348, 138, 89, 407, NULL, NULL, NULL, NULL, NULL, NULL, NULL, NULL),
(113, 3, 40, 'Spining Mill', 76, 26, 69, 325, NULL, NULL, NULL, NULL, NULL, NULL, NULL, NULL),
(114, 3, 40, 'MES Army', 79, 8, 42, 321, NULL, NULL, NULL, NULL, NULL, NULL, NULL, NULL),
(115, 3, 41, 'Longphu', 226, 139, 120, 230, NULL, NULL, NULL, NULL, NULL, NULL, NULL, NULL),
(116, 3, 41, 'Langmate', 233, 106, 158, 253, NULL, NULL, NULL, NULL, NULL, NULL, NULL, NULL),
(117, 3, 42, 'Kamjong', 497, 321, 449, 644, NULL, NULL, NULL, NULL, NULL, NULL, NULL, NULL),
(118, 3, 43, 'Molkol', 192, 258, 203, 304, NULL, NULL, NULL, NULL, NULL, NULL, NULL, NULL),
(119, 3, 43, 'Ekou', 196, 288, 216, 319, NULL, NULL, NULL, NULL, NULL, NULL, NULL, NULL),
(120, 3, 44, 'Senapati', 296, 195, 250, 209, NULL, NULL, NULL, NULL, NULL, NULL, NULL, NULL),
(121, 3, 44, 'Lairou', 266, 142, 105, 122, NULL, NULL, NULL, NULL, NULL, NULL, NULL, NULL),
(122, 3, 45, 'Maram', 380, 306, 372, 296, NULL, NULL, NULL, NULL, NULL, NULL, NULL, NULL),
(123, 3, 45, 'Purul', 359, 327, 298, 203, NULL, NULL, NULL, NULL, NULL, NULL, NULL, NULL),
(124, 3, 46, 'Mao Tadubi', 143, 92, 127, 303, NULL, NULL, NULL, NULL, NULL, NULL, NULL, NULL),
(125, 3, 46, 'Paomata', 136, 55, 158, 272, NULL, NULL, NULL, NULL, NULL, NULL, NULL, NULL),
(126, 3, 47, 'Lakhamai', NULL, NULL, NULL, NULL, NULL, NULL, NULL, NULL, NULL, NULL, NULL, NULL),
(127, 3, 48, 'Wilong', NULL, NULL, NULL, NULL, NULL, NULL, NULL, NULL, NULL, NULL, NULL, NULL),
(128, 3, 49, 'Kangpokpi', 312, 215, 242, 341, NULL, NULL, NULL, NULL, NULL, NULL, NULL, NULL),
(129, 3, 18, 'Sekmai', 298, 126, 40, 354, NULL, NULL, NULL, NULL, NULL, NULL, NULL, NULL),
(130, 3, 51, 'Tamei', 175, 15, 53, 448, NULL, NULL, NULL, NULL, NULL, NULL, NULL, NULL),
(131, 3, 51, 'Khongphung', 175, 15, 77, 522, NULL, NULL, NULL, NULL, NULL, NULL, NULL, NULL),
(132, 3, 52, 'Noney', NULL, NULL, 178, NULL, NULL, NULL, NULL, NULL, NULL, NULL, NULL, NULL),
(133, 3, 52, 'Tupul', NULL, NULL, 178, NULL, NULL, NULL, NULL, NULL, NULL, NULL, NULL, NULL),
(134, 3, 53, 'Nungba ', NULL, NULL, 92, NULL, NULL, NULL, NULL, NULL, NULL, NULL, NULL, NULL),
(135, 3, 53, 'Khongsang', NULL, NULL, 72, NULL, NULL, NULL, NULL, NULL, NULL, NULL, NULL, NULL),
(136, 3, 54, 'Tamenglong', 75, 114, 168, NULL, NULL, NULL, NULL, NULL, NULL, NULL, NULL, NULL),
(137, 3, 54, 'Dailong', NULL, NULL, 108, NULL, NULL, NULL, NULL, NULL, NULL, NULL, NULL, NULL),
(138, 3, 54, 'Vkhongjarol', 65, 32, 156, NULL, NULL, NULL, NULL, NULL, NULL, NULL, NULL, NULL),
(139, 3, 55, 'Tausem', 483, 395, 287, 613, NULL, NULL, NULL, NULL, NULL, NULL, NULL, NULL),
(140, 3, 56, 'Khoupum', NULL, NULL, 68, NULL, NULL, NULL, NULL, NULL, NULL, NULL, NULL, NULL),
(141, 3, 57, 'Tengnoupal', 43, 64, 83, 236, NULL, NULL, NULL, NULL, NULL, NULL, NULL, NULL),
(142, 3, 57, 'Sita', 46, 66, 82, 282, NULL, NULL, NULL, NULL, NULL, NULL, NULL, NULL),
(143, 3, 58, 'Moreh', 44, 27, 177, 270, NULL, NULL, NULL, NULL, NULL, NULL, NULL, NULL),
(145, 1, 18, '5th IRB', NULL, NULL, 61, 344, NULL, NULL, NULL, NULL, NULL, NULL, NULL, NULL),
(146, 2, 28, 'LEIMAPOKPAM', 182, 148, 77, NULL, NULL, NULL, NULL, NULL, NULL, NULL, NULL, NULL);

-- --------------------------------------------------------

--
-- Table structure for table `report_2017`
--

CREATE TABLE IF NOT EXISTS `report_2017` (
  `id` int(5) unsigned NOT NULL AUTO_INCREMENT,
  `ss_id` int(5) unsigned NOT NULL,
  `feeder` varchar(55) NOT NULL,
  `1` int(5) DEFAULT NULL,
  `2` int(5) DEFAULT NULL,
  `3` int(5) DEFAULT NULL,
  `4` int(5) DEFAULT NULL,
  `5` int(5) DEFAULT NULL,
  `6` int(5) DEFAULT NULL,
  `7` int(5) DEFAULT NULL,
  `08` int(5) DEFAULT NULL,
  `09` int(5) DEFAULT NULL,
  `10` int(5) DEFAULT NULL,
  `11` int(5) DEFAULT NULL,
  `12` int(5) DEFAULT NULL,
  PRIMARY KEY (`id`),
  KEY `ss_id` (`ss_id`),
  KEY `ss_id_2` (`ss_id`)
) ENGINE=InnoDB  DEFAULT CHARSET=utf8 AUTO_INCREMENT=67 ;

--
-- Dumping data for table `report_2017`
--

INSERT INTO `report_2017` (`id`, `ss_id`, `feeder`, `1`, `2`, `3`, `4`, `5`, `6`, `7`, `08`, `09`, `10`, `11`, `12`) VALUES
(1, 1, 'Eastern-1', 120, NULL, 150, 80, 425, NULL, NULL, NULL, NULL, NULL, NULL, 273),
(2, 1, 'Western', 514, 294, NULL, NULL, NULL, NULL, NULL, NULL, NULL, NULL, NULL, 514),
(3, 1, 'CRPF', 84, 21, NULL, NULL, NULL, NULL, NULL, NULL, NULL, NULL, NULL, NULL),
(4, 1, 'Brick Field', 215, 54, NULL, NULL, NULL, NULL, NULL, NULL, NULL, NULL, NULL, NULL),
(5, 1, 'Tiddim-1', 201, 114, NULL, NULL, NULL, NULL, NULL, NULL, NULL, NULL, NULL, NULL),
(6, 1, 'PGCI', 36, 7, NULL, NULL, NULL, NULL, NULL, NULL, NULL, NULL, NULL, NULL),
(7, 2, 'Tiddim-2', 59, 2, NULL, NULL, NULL, NULL, NULL, NULL, NULL, NULL, NULL, NULL),
(8, 2, 'Nambul-2', 91, NULL, NULL, NULL, NULL, NULL, NULL, NULL, NULL, NULL, NULL, NULL),
(9, 2, 'Assembly', 13, 3, NULL, NULL, NULL, NULL, NULL, NULL, NULL, NULL, NULL, NULL),
(10, 2, 'Eastern-2', 42, 23, NULL, NULL, NULL, NULL, NULL, NULL, NULL, NULL, NULL, NULL),
(11, 2, 'Bazar', 69, 15, NULL, NULL, NULL, NULL, NULL, NULL, NULL, NULL, NULL, NULL),
(12, 2, 'Secretariat', 10, 2, NULL, NULL, NULL, NULL, NULL, NULL, NULL, NULL, NULL, NULL),
(13, 3, 'Lamphel', 19, 15, NULL, NULL, NULL, NULL, NULL, NULL, NULL, NULL, NULL, NULL),
(14, 3, 'Nityananda', 19, 39, NULL, NULL, NULL, NULL, NULL, NULL, NULL, NULL, NULL, NULL),
(15, 3, 'Uripok', 17, 13, NULL, NULL, NULL, NULL, NULL, NULL, NULL, NULL, NULL, NULL),
(16, 3, 'Capital Project', 8, 7, NULL, NULL, NULL, NULL, NULL, NULL, NULL, NULL, NULL, NULL),
(17, 3, 'RIMS', 14, 7, NULL, NULL, NULL, NULL, NULL, NULL, NULL, NULL, NULL, NULL),
(18, 4, 'DC', 32, 51, NULL, NULL, NULL, NULL, NULL, NULL, NULL, NULL, NULL, NULL),
(19, 4, 'RMC Old', 28, 12, NULL, NULL, NULL, NULL, NULL, NULL, NULL, NULL, NULL, NULL),
(20, 4, 'RMC New', 6, 1, NULL, NULL, NULL, NULL, NULL, NULL, NULL, NULL, NULL, NULL),
(21, 4, 'Singda', 68, 54, NULL, NULL, NULL, NULL, NULL, NULL, NULL, NULL, NULL, NULL),
(22, 4, 'CAU', 11, 0, NULL, NULL, NULL, NULL, NULL, NULL, NULL, NULL, NULL, NULL),
(23, 4, 'Solid Waste', 3, 20, NULL, NULL, NULL, NULL, NULL, NULL, NULL, NULL, NULL, NULL),
(24, 5, 'Mantripukhri', 33, 13, NULL, NULL, NULL, NULL, NULL, NULL, NULL, NULL, NULL, NULL),
(25, 5, 'TV', 34, 23, NULL, NULL, NULL, NULL, NULL, NULL, NULL, NULL, NULL, NULL),
(26, 5, 'Sport', 5, 22, NULL, NULL, NULL, NULL, NULL, NULL, NULL, NULL, NULL, NULL),
(27, 6, 'Tera', 66, 23, NULL, NULL, NULL, NULL, NULL, NULL, NULL, NULL, NULL, NULL),
(28, 6, 'Ghari', 91, 47, NULL, NULL, NULL, NULL, NULL, NULL, NULL, NULL, NULL, NULL),
(29, 6, 'Dedicated', 63, 19, NULL, NULL, NULL, NULL, NULL, NULL, NULL, NULL, NULL, NULL),
(30, 7, 'Assembly-2/NAOC', 29, 9, NULL, NULL, NULL, NULL, NULL, NULL, NULL, NULL, NULL, NULL),
(31, 7, 'Satation/New Lambulane', 10, 3, NULL, NULL, NULL, NULL, NULL, NULL, NULL, NULL, NULL, NULL),
(32, 7, 'Thangal/Bazar', 25, 8, NULL, NULL, NULL, NULL, NULL, NULL, NULL, NULL, NULL, NULL),
(33, 8, 'Khongman', NULL, NULL, NULL, NULL, NULL, NULL, NULL, NULL, NULL, NULL, NULL, NULL),
(34, 8, 'Wangkhei-1', 16, 26, NULL, NULL, NULL, NULL, NULL, NULL, NULL, NULL, NULL, NULL),
(35, 8, 'Thambalkhong', 38, 66, NULL, NULL, NULL, NULL, NULL, NULL, NULL, NULL, NULL, NULL),
(36, 8, 'Yairipok', NULL, NULL, NULL, NULL, NULL, NULL, NULL, NULL, NULL, NULL, NULL, NULL),
(37, 9, 'Nambul-1', 133, NULL, NULL, NULL, NULL, NULL, NULL, NULL, NULL, NULL, NULL, NULL),
(38, 9, 'Hiyangthang', 185, 152, NULL, NULL, NULL, NULL, NULL, NULL, NULL, NULL, NULL, NULL),
(39, 9, 'Heirangoithong', 102, 39, NULL, NULL, NULL, NULL, NULL, NULL, NULL, NULL, NULL, NULL),
(40, 9, 'Canchipur', 163, 95, NULL, NULL, NULL, NULL, NULL, NULL, NULL, NULL, NULL, NULL),
(41, 9, 'MU', 8, 8, NULL, NULL, NULL, NULL, NULL, NULL, NULL, NULL, NULL, NULL),
(42, 10, 'Mayang Imphal (Old)', 266, 275, NULL, NULL, NULL, NULL, NULL, NULL, NULL, NULL, NULL, NULL),
(43, 10, 'Wangoi', 295, 233, NULL, NULL, NULL, NULL, NULL, NULL, NULL, NULL, NULL, NULL),
(44, 10, 'Thoubal', 276, 254, NULL, NULL, NULL, NULL, NULL, NULL, NULL, NULL, NULL, NULL),
(45, 10, 'Bazar', 242, 155, NULL, NULL, NULL, NULL, NULL, NULL, NULL, NULL, NULL, NULL),
(46, 10, 'AIR', 11, 3, NULL, NULL, NULL, NULL, NULL, NULL, NULL, NULL, NULL, NULL),
(47, 11, 'Minuthong', 79, 28, NULL, NULL, NULL, NULL, NULL, NULL, NULL, NULL, NULL, NULL),
(48, 11, 'Pangei', 141, 71, NULL, NULL, NULL, NULL, NULL, NULL, NULL, NULL, NULL, NULL),
(49, 11, 'Lamlong', 125, 98, NULL, NULL, NULL, NULL, NULL, NULL, NULL, NULL, NULL, NULL),
(50, 11, 'DMC', 71, 135, NULL, NULL, NULL, NULL, NULL, NULL, NULL, NULL, NULL, NULL),
(51, 12, 'Wangkhei-II', 15, 12, NULL, NULL, NULL, NULL, NULL, NULL, NULL, NULL, NULL, NULL),
(52, 12, 'Bamon Leikai', 15, 9, NULL, NULL, NULL, NULL, NULL, NULL, NULL, NULL, NULL, NULL),
(53, 13, 'Kakwa', 166, 70, NULL, NULL, NULL, NULL, NULL, NULL, NULL, NULL, NULL, NULL),
(54, 13, 'Singjamei', 167, 87, NULL, NULL, NULL, NULL, NULL, NULL, NULL, NULL, NULL, NULL),
(55, 14, 'Mantripukhri', 24, 35, NULL, NULL, NULL, NULL, NULL, NULL, NULL, NULL, NULL, NULL),
(56, 14, 'IT Park', 5, 23, NULL, NULL, NULL, NULL, NULL, NULL, NULL, NULL, NULL, NULL),
(57, 15, 'JNIMS', 4, 21, NULL, NULL, NULL, NULL, NULL, NULL, NULL, NULL, NULL, NULL),
(58, 15, 'Water Supply', 8, 3, NULL, NULL, NULL, NULL, NULL, NULL, NULL, NULL, NULL, NULL),
(59, 16, 'Napet', 293, 256, NULL, NULL, NULL, NULL, NULL, NULL, NULL, NULL, NULL, NULL),
(60, 16, 'Lamlai', 311, 293, NULL, NULL, NULL, NULL, NULL, NULL, NULL, NULL, NULL, NULL),
(61, 17, 'Yumnam Khunou', 176, 171, NULL, NULL, NULL, NULL, NULL, NULL, NULL, NULL, NULL, NULL),
(62, 17, 'Sagolmang', 175, 152, NULL, NULL, NULL, NULL, NULL, NULL, NULL, NULL, NULL, NULL),
(63, 18, 'Koirengei', 166, 54, NULL, NULL, NULL, NULL, NULL, NULL, NULL, NULL, NULL, NULL),
(64, 18, 'Water Supply', 62, 0, NULL, NULL, NULL, NULL, NULL, NULL, NULL, NULL, NULL, NULL),
(65, 19, 'Sawombung', 242, 129, NULL, NULL, NULL, NULL, NULL, NULL, NULL, NULL, NULL, NULL),
(66, 19, 'Kangla Siphai', 219, 115, NULL, NULL, NULL, NULL, NULL, NULL, NULL, NULL, NULL, NULL);

-- --------------------------------------------------------

--
-- Table structure for table `substation`
--

CREATE TABLE IF NOT EXISTS `substation` (
  `id` int(5) unsigned NOT NULL AUTO_INCREMENT,
  `gm` int(1) unsigned NOT NULL,
  `name` varchar(50) NOT NULL,
  PRIMARY KEY (`id`)
) ENGINE=InnoDB  DEFAULT CHARSET=utf8 AUTO_INCREMENT=60 ;

--
-- Dumping data for table `substation`
--

INSERT INTO `substation` (`id`, `gm`, `name`) VALUES
(1, 1, 'Yurembam'),
(2, 1, 'Imphal Power House'),
(3, 1, 'Lamphel'),
(4, 1, 'Iroisemba'),
(5, 1, 'Khuman Lampak (Yurembam)'),
(6, 1, 'Sangaiprou'),
(7, 1, 'Kangla'),
(8, 1, 'Kongba'),
(9, 1, 'Mongsangei'),
(10, 1, 'Mayang Imphal'),
(11, 1, 'Khuman Lampak (Kongba)'),
(12, 1, 'Sangaipat'),
(13, 1, 'Kakwa'),
(14, 1, 'Mantripukhri'),
(15, 1, 'JNIMS'),
(16, 1, 'Napet Pali'),
(17, 1, 'Sagolmang'),
(18, 1, 'Nilakuthi'),
(19, 1, 'Chingarel'),
(20, 2, 'Kakching'),
(21, 2, 'Wangjing'),
(22, 2, 'Thoubal'),
(23, 2, 'New Chayang'),
(24, 2, 'Ningthoukhong'),
(25, 2, 'Moirang'),
(26, 2, 'Moirang Khunou'),
(27, 2, 'Khwairakpam'),
(28, 2, 'Nambol/Utlou'),
(29, 2, 'Khengjang'),
(30, 2, 'New Lamka'),
(31, 2, 'Singhat'),
(32, 2, 'Thinkew'),
(33, 2, 'Thanlon'),
(34, 3, 'Jiribam'),
(35, 3, 'Shivapurukhal'),
(36, 3, 'Hundung'),
(37, 3, 'Toloi'),
(38, 3, 'Namrei'),
(39, 3, 'Jesami'),
(40, 3, 'Leimakhong'),
(41, 3, 'Litan'),
(42, 3, 'Kamjong'),
(43, 3, 'Saikul'),
(44, 3, 'Karong'),
(45, 3, 'Maram'),
(46, 3, 'Tadubi'),
(47, 3, 'Lakhamai'),
(48, 3, 'Wilong'),
(49, 3, 'Kangpokpi'),
(51, 3, 'Tamei'),
(52, 3, 'Noney'),
(53, 3, 'Rengpang'),
(54, 3, 'Tamenglong'),
(55, 3, 'Tausem'),
(56, 3, 'Khoupum'),
(57, 3, 'Tengnoupal'),
(58, 3, 'Moreh'),
(59, 2, 'Sangaikot');

-- --------------------------------------------------------

--
-- Table structure for table `users`
--

CREATE TABLE IF NOT EXISTS `users` (
  `id` int(11) unsigned NOT NULL AUTO_INCREMENT,
  `email` varchar(50) NOT NULL,
  `password` varchar(255) NOT NULL,
  `name` varchar(50) NOT NULL,
  `ip` varchar(60) NOT NULL,
  `last_login` timestamp NOT NULL DEFAULT CURRENT_TIMESTAMP ON UPDATE CURRENT_TIMESTAMP,
  `activated` tinyint(1) NOT NULL DEFAULT '0',
  `attr` int(1) unsigned NOT NULL DEFAULT '1',
  PRIMARY KEY (`id`)
) ENGINE=InnoDB  DEFAULT CHARSET=utf8 AUTO_INCREMENT=13 ;

--
-- Dumping data for table `users`
--

INSERT INTO `users` (`id`, `email`, `password`, `name`, `ip`, `last_login`, `activated`, `attr`) VALUES
(1, 'binotm25@gmail.com', '932e0dd73d596a59f8d72e07069d1e40', 'Binot Mutum', '43.227.135.30', '2016-04-18 10:02:34', 1, 9),
(2, 'abdul.noor@mspdcl.com', '2b52b72a0b1c1c5943d7bab654c8208d', 'Abdul Noor', '164.100.149.86', '2016-05-02 10:22:27', 1, 2),
(10, 'gm1@mspdcl.com', '8bd3529b4854bf657f142b35759c9761', 'GM - I', '27.63.131.140', '2016-04-02 09:26:39', 1, 1),
(11, 'gm2@mspdcl.com', '8bd3529b4854bf657f142b35759c9761', 'GM - II', '', '2016-04-02 08:57:15', 1, 1),
(12, 'gm3@mspdcl.com', '8bd3529b4854bf657f142b35759c9761', 'GM - III', '', '2016-04-02 08:57:30', 1, 1);

--
-- Constraints for dumped tables
--

--
-- Constraints for table `daily`
--
ALTER TABLE `daily`
  ADD CONSTRAINT `feeders_id_fk` FOREIGN KEY (`feeder_id`) REFERENCES `feeders` (`id`) ON DELETE CASCADE ON UPDATE CASCADE;

--
-- Constraints for table `feeders`
--
ALTER TABLE `feeders`
  ADD CONSTRAINT `feeders_ss_fk` FOREIGN KEY (`ss_id`) REFERENCES `substation` (`id`) ON DELETE CASCADE ON UPDATE CASCADE;

--
-- Constraints for table `msg`
--
ALTER TABLE `msg`
  ADD CONSTRAINT `feed_id_fk` FOREIGN KEY (`feed_id`) REFERENCES `feeders` (`id`) ON DELETE CASCADE ON UPDATE CASCADE,
  ADD CONSTRAINT `ss_id_fk` FOREIGN KEY (`sub_id`) REFERENCES `substation` (`id`) ON DELETE CASCADE ON UPDATE CASCADE;

--
-- Constraints for table `report_2016`
--
ALTER TABLE `report_2016`
  ADD CONSTRAINT `report_ss_fk` FOREIGN KEY (`ss_id`) REFERENCES `substation` (`id`) ON DELETE CASCADE ON UPDATE CASCADE;

/*!40101 SET CHARACTER_SET_CLIENT=@OLD_CHARACTER_SET_CLIENT */;
/*!40101 SET CHARACTER_SET_RESULTS=@OLD_CHARACTER_SET_RESULTS */;
/*!40101 SET COLLATION_CONNECTION=@OLD_COLLATION_CONNECTION */;
